"","timebyday","timestamp","season","pm2.5","Iws","Is","Ir","DEWP","TEMP","PRES","cbwd_data"
"1","2013-01-01",15706,"Spring",16.5,46.6466666666667,0,0,-20.5416666666667,-7.20833333333333,1023.66666666667,"NW"
"2","2013-01-02",15707,"Spring",18.4583333333333,233.05625,0,0,-27.4583333333333,-10.5,1039.45833333333,"NW"
"3","2013-01-03",15708,"Spring",24.5,96.3945833333333,0,0,-24.5833333333333,-9.875,1043.45833333333,"NW"
"4","2013-01-04",15709,"Spring",78.7916666666667,12.8416666666667,0,0,-21.0833333333333,-10.6666666666667,1032.79166666667,"NW"
"5","2013-01-05",15710,"Spring",66.4166666666667,8.88625,0,0,-21.0833333333333,-7.58333333333333,1028.70833333333,"NW"
"6","2013-01-06",15711,"Spring",131.083333333333,10.8383333333333,0,0,-17.5833333333333,-6.70833333333333,1027.66666666667,"cv"
"7","2013-01-07",15712,"Spring",144.166666666667,6.33583333333333,0,0,-15.7916666666667,-7.125,1025.25,"NW"
"8","2013-01-08",15713,"Spring",131.75,30.8983333333333,0,0,-17.5833333333333,-6.95833333333333,1031,"NW"
"9","2013-01-09",15714,"Spring",50.1666666666667,5.38166666666667,0,0,-19.4583333333333,-6.95833333333333,1030.625,"cv"
"10","2013-01-10",15715,"Spring",242.916666666667,6.87333333333333,0,0,-13.0833333333333,-8.29166666666667,1027.70833333333,"cv"
"11","2013-01-11",15716,"Spring",363.75,3.72291666666667,0.0416666666666667,0,-7.79166666666667,-3.875,1024.08333333333,"NW"
"12","2013-01-12",15717,"Spring",552.478260869565,3.32304347826087,0,0,-10,-7.26086956521739,1023.13043478261,"cv"
"13","2013-01-13",15718,"Spring",435.173913043478,5.28826086956522,0,0,-6.56521739130435,-3.73913043478261,1024.60869565217,"cv"
"14","2013-01-14",15719,"Spring",306.083333333333,10.6541666666667,0.0833333333333333,0,-7.5,-4.625,1027.33333333333,"cv"
"15","2013-01-15",15720,"Spring",113.826086956522,33.5647826086957,0.652173913043478,0,-7.52173913043478,-5.1304347826087,1026.34782608696,"NE"
"16","2013-01-16",15721,"Spring",118.391304347826,8.76695652173913,0,0,-13.9130434782609,-4,1033.13043478261,"cv"
"17","2013-01-17",15722,"Spring",65.1666666666667,8.66166666666667,0,0,-15.625,-3.66666666666667,1037.125,"cv"
"18","2013-01-18",15723,"Spring",271.541666666667,2.84875,0,0,-12.25,-5.58333333333333,1027.375,"cv"
"19","2013-01-19",15724,"Spring",202.916666666667,3.985,0,0,-10.25,-2.41666666666667,1029.45833333333,"cv"
"20","2013-01-20",15725,"Spring",104.208333333333,2.68,1.5,0,-5.83333333333333,-2.41666666666667,1030.83333333333,"cv"
"21","2013-01-21",15726,"Spring",150.208333333333,6.46291666666667,0,0,-5.83333333333333,-2,1028.91666666667,"NW"
"22","2013-01-22",15727,"Spring",184.333333333333,6.61,1.16666666666667,0,-7.75,-6.20833333333333,1028.91666666667,"NE"
"23","2013-01-23",15728,"Spring",386.333333333333,3.57583333333333,0.458333333333333,0,-6.45833333333333,-5.08333333333333,1019.375,"NE"
"24","2013-01-24",15729,"Spring",28.9166666666667,31.3625,0,0,-16.2083333333333,-0.708333333333333,1022.875,"NW"
"25","2013-01-25",15730,"Spring",69.4583333333333,3.50041666666667,0,0,-15.9166666666667,-7,1023.91666666667,"cv"
"26","2013-01-26",15731,"Spring",157.458333333333,3.6475,0,0,-10.9583333333333,-5.70833333333333,1027.41666666667,"cv"
"27","2013-01-27",15732,"Spring",308.333333333333,2.30875,0.0416666666666667,0,-6.79166666666667,-5,1027.75,"NE"
"28","2013-01-28",15733,"Spring",399.375,4.15333333333333,0,0,-5.04166666666667,-1.83333333333333,1021.5,"cv"
"29","2013-01-29",15734,"Spring",438.130434782609,7.35086956521739,2.39130434782609,0,-5.08695652173913,-4.34782608695652,1025.34782608696,"NE"
"30","2013-01-30",15735,"Spring",278.125,9.46625,0,0,-4.54166666666667,-2.95833333333333,1026.04166666667,"cv"
"31","2013-01-31",15736,"Spring",181.333333333333,3.7975,0.5,0.625,-2.20833333333333,-1.29166666666667,1023.95833333333,"NW"
"32","2013-02-01",15737,"Spring",39.125,9.75875,0,0,-11.1666666666667,-1.45833333333333,1028.375,"cv"
"33","2013-02-02",15738,"Spring",44.9166666666667,11.2516666666667,0,0,-14.375,-3.04166666666667,1031.70833333333,"cv"
"34","2013-02-03",15739,"Spring",184.666666666667,4.32291666666667,2.75,0,-4.41666666666667,-2.83333333333333,1021,"cv"
"35","2013-02-04",15740,"Spring",42.5833333333333,12.7775,0,0,-11.75,-3.16666666666667,1028.29166666667,"cv"
"36","2013-02-05",15741,"Spring",90.8333333333333,16.89625,0.25,0,-5.58333333333333,-3.45833333333333,1024.125,"NE"
"37","2013-02-06",15742,"Spring",99.875,31.4366666666667,0,0,-15.4166666666667,-5.20833333333333,1026.25,"NW"
"38","2013-02-07",15743,"Spring",12.4166666666667,21.8833333333333,0,0,-24.8333333333333,-9.58333333333333,1038.375,"cv"
"39","2013-02-08",15744,"Spring",56.4583333333333,8.77541666666667,0,0,-19.75,-7.83333333333333,1035.79166666667,"cv"
"40","2013-02-09",15745,"Spring",190.125,3.35375,0,0,-13.7916666666667,-4.83333333333333,1025.75,"cv"
"41","2013-02-10",15746,"Spring",60.5,17.29125,0,0,-18.9166666666667,-3.25,1030.66666666667,"cv"
"42","2013-02-11",15747,"Spring",64.7916666666667,5.01083333333333,0,0,-13.8333333333333,-4.79166666666667,1032.66666666667,"cv"
"43","2013-02-12",15748,"Spring",113.708333333333,10.7629166666667,0.0416666666666667,0,-11.625,-1.33333333333333,1025.91666666667,"cv"
"44","2013-02-13",15749,"Spring",306.916666666667,7.91666666666667,0,0,-6.45833333333333,-2.29166666666667,1021.83333333333,"NE"
"45","2013-02-14",15750,"Spring",85.2608695652174,24.0573913043478,0,0,-16.8260869565217,0.347826086956522,1026.26086956522,"cv"
"46","2013-02-15",15751,"Spring",39.7916666666667,21.11625,0,0,-15.25,-2.125,1028.08333333333,"cv"
"47","2013-02-16",15752,"Spring",136.833333333333,10.1883333333333,0,0,-8.04166666666667,-1.625,1022.29166666667,"NE"
"48","2013-02-17",15753,"Spring",134.541666666667,11.4341666666667,0,0,-11.5833333333333,1,1020.41666666667,"NW"
"49","2013-02-18",15754,"Spring",22.7916666666667,9.36833333333333,0,0,-16.7916666666667,-0.291666666666667,1027.25,"cv"
"50","2013-02-19",15755,"Spring",30.125,18.1995833333333,0,0,-19.875,-3.125,1029.58333333333,"NE"
"51","2013-02-20",15756,"Spring",83.2916666666667,9.4825,0,0,-14.1666666666667,-2.04166666666667,1027.375,"cv"
"52","2013-02-21",15757,"Spring",201.875,5.66541666666667,0,0,-6.20833333333333,-2.04166666666667,1028.1875,"NE"
"53","2013-02-22",15758,"Spring",95.2916666666667,16.8341666666667,0,0,-16.6666666666667,0.75,1029.5,"NW"
"54","2013-02-23",15759,"Spring",135.166666666667,3.01791666666667,0,0,-13.75,0.583333333333333,1027.58333333333,"cv"
"55","2013-02-24",15760,"Spring",340.625,1.89666666666667,0,0,-7.45833333333333,0.541666666666667,1026.08333333333,"cv"
"56","2013-02-25",15761,"Spring",163,7.34041666666667,0.666666666666667,0,-3.70833333333333,-0.416666666666667,1027.20833333333,"cv"
"57","2013-02-26",15762,"Spring",205.583333333333,25.2625,0,0,-4.83333333333333,1.375,1020.16666666667,"cv"
"58","2013-02-27",15763,"Spring",247.708333333333,6.92958333333333,0,0,-8.70833333333333,5,1016.83333333333,"cv"
"59","2013-02-28",15764,"Spring",236.041666666667,41.1433333333333,0,0,-9.625,4.125,1014.54166666667,"cv"
"60","2013-03-01",15765,"Spring",10.4583333333333,70.3283333333333,0,0,-23.2083333333333,0.75,1032.41666666667,"NW"
"61","2013-03-02",15766,"Spring",42.7083333333333,5.85125,0,0,-16.9166666666667,-0.0416666666666667,1032.875,"cv"
"62","2013-03-03",15767,"Spring",104.666666666667,5.73291666666667,0,0,-13.2916666666667,3.95833333333333,1020.54166666667,"NW"
"63","2013-03-04",15768,"Spring",24.6086956521739,11.6795652173913,0,0,-15,8.56521739130435,1023.04347826087,"cv"
"64","2013-03-05",15769,"Spring",174.166666666667,5.07875,0,0,-8.45833333333333,5.75,1016.70833333333,"cv"
"65","2013-03-06",15770,"Spring",228.652173913043,14.1417391304348,0,0,-5.26086956521739,6.1304347826087,1013.04347826087,"NW"
"66","2013-03-07",15771,"Spring",309.791666666667,2.04791666666667,0,0,-2.54166666666667,7.41666666666667,1008.125,"cv"
"67","2013-03-08",15772,"Spring",237.291666666667,21.1429166666667,0,0,-2.08333333333333,8.58333333333333,1005.16666666667,"NE"
"68","2013-03-09",15773,"Spring",67.5833333333333,50.9945833333333,0,0,-12.4583333333333,6.75,1009.04166666667,"NW"
"69","2013-03-10",15774,"Spring",39.25,23.9541666666667,0,0,-15.7083333333333,4.79166666666667,1026.375,"NE"
"70","2013-03-11",15775,"Spring",125.208333333333,21.78,0,0,-7.25,5.66666666666667,1019.95833333333,"NE"
"71","2013-03-12",15776,"Spring",149.166666666667,6.46208333333333,0,1.91666666666667,1.20833333333333,4.79166666666667,1014.16666666667,"cv"
"72","2013-03-13",15777,"Spring",21.875,9.01458333333333,0,0,-12.4166666666667,3.5,1028.25,"cv"
"73","2013-03-14",15778,"Spring",107.95652173913,15.3173913043478,0,0,-4.34782608695652,3.04347826086957,1027.60869565217,"NE"
"74","2013-03-15",15779,"Spring",248.25,1.84166666666667,0,0,-1.375,4.79166666666667,1020.375,"cv"
"75","2013-03-16",15780,"Spring",273.95652173913,12.8465217391304,0,0,-0.130434782608696,8.65217391304348,1022.34782608696,"cv"
"76","2013-03-17",15781,"Spring",339.041666666667,3.33333333333333,0,0,2.08333333333333,8.41666666666667,1008.20833333333,"NE"
"77","2013-03-18",15782,"Spring",72.2083333333333,29.33375,0,0,-11.5416666666667,7.875,1006.58333333333,"cv"
"78","2013-03-19",15783,"Spring",54.2916666666667,11.30375,0.458333333333333,0.333333333333333,-1.29166666666667,1.91666666666667,1014.125,"cv"
"79","2013-03-20",15784,"Spring",63.125,12.0304166666667,1.875,0,-4.08333333333333,1.16666666666667,1023.125,"NE"
"80","2013-03-21",15785,"Spring",153.833333333333,15.7379166666667,0,0,-2.54166666666667,3.79166666666667,1011,"cv"
"81","2013-03-22",15786,"Spring",70.9583333333333,21.6033333333333,0,0,-6.95833333333333,5.91666666666667,1017.20833333333,"NE"
"82","2013-03-23",15787,"Spring",57.0416666666667,52.1475,0,0,-6.875,4.125,1014.20833333333,"cv"
"83","2013-03-24",15788,"Spring",20.75,9.90875,0,0,-15.25,4.41666666666667,1021.95833333333,"cv"
"84","2013-03-25",15789,"Spring",112.478260869565,9.11478260869565,0,0,-7.1304347826087,4.73913043478261,1021.17391304348,"NE"
"85","2013-03-26",15790,"Spring",195.291666666667,14.1408333333333,0,0,-2.25,7.125,1013.5,"NE"
"86","2013-03-27",15791,"Spring",97.375,17.9383333333333,0,0,-4.70833333333333,10.7916666666667,1010.25,"cv"
"87","2013-03-28",15792,"Spring",33.1666666666667,9.81583333333333,0,0,-14.875,8.04166666666667,1020.875,"cv"
"88","2013-03-29",15793,"Spring",98,6.35,0,0,-6.20833333333333,5.41666666666667,1021.83333333333,"NE"
"89","2013-03-30",15794,"Spring",92.625,21.105,0,0,-4.125,5.54166666666667,1022.375,"NE"
"90","2013-03-31",15795,"Spring",194.75,52.91,0,0,2.125,5.125,1019.16666666667,"NE"
"91","2013-04-01",15796,"Spring",105.583333333333,9.145,0,0,-3.625,10.2916666666667,1016.66666666667,"cv"
"92","2013-04-02",15797,"Spring",111.04347826087,13.584347826087,0,0,-4.82608695652174,9.78260869565217,1017.21739130435,"NE"
"93","2013-04-03",15798,"Spring",127.625,24.5641666666667,0,0,-1.58333333333333,10.9166666666667,1012.04166666667,"NE"
"94","2013-04-04",15799,"Spring",79.7916666666667,34.1420833333333,0,1.5,-1.08333333333333,8.33333333333333,1014.5,"cv"
"95","2013-04-05",15800,"Spring",66.25,51.9891666666667,0,2.875,-0.875,8.54166666666667,1018,"NW"
"96","2013-04-06",15801,"Spring",13.9583333333333,9.14666666666667,0,0,-9.41666666666667,7.75,1016.875,"cv"
"97","2013-04-07",15802,"Spring",79.2083333333333,56.6058333333333,0,0,-2.33333333333333,8.79166666666667,1007.91666666667,"NE"
"98","2013-04-08",15803,"Spring",21.0416666666667,98.9254166666667,0,0,-13.5416666666667,9.5,1012.08333333333,"NW"
"99","2013-04-09",15804,"Spring",11.5,180.33875,0,0,-11.9583333333333,8.83333333333333,1019.375,"NW"
"100","2013-04-10",15805,"Spring",12,134.905833333333,0,0,-12.125,8.75,1019.29166666667,"NW"
"101","2013-04-11",15806,"Spring",18.4347826086957,204.424347826087,0,0,-13.4347826086957,10.4782608695652,1018.08695652174,"NW"
"102","2013-04-12",15807,"Spring",50.5833333333333,4.76708333333333,0,0,-6.16666666666667,13.625,1012.625,"cv"
"103","2013-04-13",15808,"Spring",61.375,23.0383333333333,0,0,-1.45833333333333,16.2916666666667,1004.08333333333,"NW"
"104","2013-04-14",15809,"Spring",28.7083333333333,17.09625,0,0,-10.4166666666667,11.7916666666667,1010.25,"NE"
"105","2013-04-15",15810,"Spring",68.8260869565217,20.8147826086957,0,0,-0.739130434782609,12.2173913043478,1003.39130434783,"NE"
"106","2013-04-16",15811,"Spring",61,13.1877272727273,0,0,-0.909090909090909,13.4545454545455,1006.22727272727,"cv"
"107","2013-04-17",15812,"Spring",47.875,28.5154166666667,0,0,-2.66666666666667,11.3333333333333,1011.375,"NE"
"108","2013-04-18",15813,"Spring",11.7083333333333,11.6016666666667,0,0,-15.3333333333333,10.5,1022.375,"cv"
"109","2013-04-19",15814,"Spring",53.5416666666667,22.9083333333333,0,0,-2.125,7.04166666666667,1024.16666666667,"NE"
"110","2013-04-20",15815,"Spring",76.9583333333333,18.5120833333333,0,0,-0.625,9.16666666666667,1020.875,"cv"
"111","2013-04-21",15816,"Spring",130.916666666667,20.1891666666667,0,0,2.29166666666667,11.6666666666667,1018.20833333333,"NE"
"112","2013-04-22",15817,"Spring",169.583333333333,21.4933333333333,0,0,5.70833333333333,12.125,1014.16666666667,"NE"
"113","2013-04-23",15818,"Spring",203.291666666667,9.48,0,0.0416666666666667,7.33333333333333,11.7916666666667,1011.16666666667,"NE"
"114","2013-04-24",15819,"Spring",87.9583333333333,17.0408333333333,0,0,0.291666666666667,15.125,1010.375,"NW"
"115","2013-04-25",15820,"Spring",13.5416666666667,86.43,0,0,-9.16666666666667,16.8333333333333,1012.70833333333,"NW"
"116","2013-04-26",15821,"Spring",74.5,13.0720833333333,0,0,-1.5,16.4583333333333,1009.95833333333,"NE"
"117","2013-04-27",15822,"Spring",70.2916666666667,22.0854166666667,0,0,1.20833333333333,17.7083333333333,1010.29166666667,"NE"
"118","2013-04-28",15823,"Spring",75.5416666666667,12.42,0,0,3.04166666666667,15.875,1010,"cv"
"119","2013-04-29",15824,"Spring",27.125,35.0770833333333,0,0,-9.25,21.2083333333333,1011.625,"NW"
"120","2013-04-30",15825,"Spring",23.2083333333333,11.5679166666667,0,0,-9.79166666666667,20.7083333333333,1013.58333333333,"cv"
"121","2013-05-01",15826,"Spring",44.3333333333333,10.2795833333333,0,0,-0.791666666666667,17.1666666666667,1015.04166666667,"cv"
"122","2013-05-02",15827,"Spring",83.4166666666667,30.285,0,0,3.625,18.3333333333333,1012,"NE"
"123","2013-05-03",15828,"Spring",63,9.84958333333333,0,0.25,6.91666666666667,17.25,1016.33333333333,"cv"
"124","2013-05-04",15829,"Spring",85.875,31.3045833333333,0,0,5.70833333333333,18.875,1016.29166666667,"NE"
"125","2013-05-05",15830,"Spring",178.791666666667,15.4525,0,0,11.0416666666667,20.4166666666667,1015.91666666667,"NE"
"126","2013-05-06",15831,"Spring",219.416666666667,7.22208333333333,0,0,12.8333333333333,22.6666666666667,1014.04166666667,"NE"
"127","2013-05-07",15832,"Spring",177.5,13.3345833333333,0,0,13.1666666666667,22.7916666666667,1014.70833333333,"NE"
"128","2013-05-08",15833,"Spring",130.708333333333,25.6670833333333,0,0.0833333333333333,11.0416666666667,20.625,1013.66666666667,"NE"
"129","2013-05-09",15834,"Spring",48.4166666666667,19.13375,0,0,11.625,17.5416666666667,1009.70833333333,"NE"
"130","2013-05-10",15835,"Spring",49.8333333333333,7.9875,0,0,2.66666666666667,21.375,1001.33333333333,"cv"
"131","2013-05-11",15836,"Spring",54.125,17.9525,0,0,-1.20833333333333,22.8333333333333,995.041666666667,"NW"
"132","2013-05-12",15837,"Spring",48.5,7.54291666666667,0,0,-4.83333333333333,21.875,999.541666666667,"cv"
"133","2013-05-13",15838,"Spring",94.9583333333333,6.87291666666667,0,0,6.16666666666667,20.3333333333333,1001.95833333333,"cv"
"134","2013-05-14",15839,"Spring",71.0416666666667,20.0608333333333,0,0,1.25,24.5,1007.375,"NW"
"135","2013-05-15",15840,"Spring",68.625,11.2133333333333,0,0,6.41666666666667,21.75,1015.58333333333,"NE"
"136","2013-05-16",15841,"Spring",67.6666666666667,17.7675,0,0,9.25,20.75,1016.58333333333,"NE"
"137","2013-05-17",15842,"Spring",106.125,9.136875,0,0,11.625,19.25,1012.875,"NE"
"138","2013-05-18",15843,"Spring",88.9375,40.00875,0,0,13.625,21.9375,1005.125,"NE"
"139","2013-05-19",15844,"Spring",54.9166666666667,33.62,0,0,2.25,20.2916666666667,1000.375,"cv"
"140","2013-05-20",15845,"Spring",46.5833333333333,33.1366666666667,0,0,-2.75,21.5833333333333,1000.5,"NE"
"141","2013-05-21",15846,"Spring",102,24.6245833333333,0,0,9.25,22.875,998.791666666667,"NE"
"142","2013-05-22",15847,"Spring",63.8333333333333,19.4404166666667,0,0,7.29166666666667,22.9166666666667,1009.875,"NE"
"143","2013-05-23",15848,"Spring",81.8333333333333,7.375,0,0,10.1666666666667,22.4166666666667,1009.91666666667,"cv"
"144","2013-05-24",15849,"Spring",120.916666666667,6.72208333333333,0,0,14.1666666666667,23.25,1011.33333333333,"cv"
"145","2013-05-25",15850,"Spring",61.7083333333333,10.91125,0,0,12.7916666666667,24.0833333333333,1010.33333333333,"NE"
"146","2013-05-26",15851,"Spring",105.083333333333,14.2641666666667,0,0.416666666666667,16.875,20.7916666666667,1008.41666666667,"NE"
"147","2013-05-27",15852,"Spring",74.6666666666667,4.545,0,0.166666666666667,15.5416666666667,19.75,1007.5,"cv"
"148","2013-05-28",15853,"Spring",84.4782608695652,12.1095652173913,0,0.391304347826087,15.8260869565217,20.5217391304348,1004.95652173913,"cv"
"149","2013-05-29",15854,"Spring",21.5416666666667,63.8833333333333,0,0,-1.04166666666667,25.4583333333333,1008.54166666667,"NW"
"150","2013-05-30",15855,"Spring",58.875,22.9270833333333,0,0,5.45833333333333,25.9166666666667,1005.79166666667,"NE"
"151","2013-05-31",15856,"Spring",89.4166666666667,38.48125,0,0,13.125,25.2083333333333,1002.33333333333,"NE"
"152","2013-06-01",15857,"Spring",75.2083333333333,4.48833333333333,0,0,7.45833333333333,25.0416666666667,1005.91666666667,"NE"
"153","2013-06-02",15858,"Spring",151.666666666667,19.3733333333333,0,0,15.5833333333333,22,1004.79166666667,"NE"
"154","2013-06-03",15859,"Spring",131.25,3.8175,0,0,12.125,25.9166666666667,1004.45833333333,"cv"
"155","2013-06-04",15860,"Spring",133.625,14.02875,0,0.166666666666667,15.9583333333333,20.9583333333333,1011.33333333333,"NE"
"156","2013-06-05",15861,"Spring",142.833333333333,5.99958333333333,0,1.79166666666667,17.4166666666667,18.7916666666667,1011.875,"NE"
"157","2013-06-06",15862,"Spring",154.958333333333,4.91708333333333,0,2.29166666666667,18.0833333333333,19.25,1010.20833333333,"cv"
"158","2013-06-07",15863,"Spring",137.458333333333,3.53916666666667,0,0.625,18.8333333333333,20.5833333333333,1008.125,"cv"
"159","2013-06-08",15864,"Spring",173.416666666667,2.81083333333333,0,0.208333333333333,18.7916666666667,20.4583333333333,1007.41666666667,"cv"
"160","2013-06-09",15865,"Spring",62.5416666666667,23.99,0,3.91666666666667,16.9166666666667,18.625,1010,"NW"
"161","2013-06-10",15866,"Spring",31.9166666666667,6.05,0,0.166666666666667,14.6666666666667,20.375,1012.33333333333,"cv"
"162","2013-06-11",15867,"Spring",62.7083333333333,7.76666666666667,0,0.0833333333333333,15,21.0833333333333,1008.04166666667,"NE"
"163","2013-06-12",15868,"Spring",65,13.3525,0,0,14,21.1666666666667,1007.625,"NE"
"164","2013-06-13",15869,"Spring",107.958333333333,11.1195833333333,0,0,15.2083333333333,23.9583333333333,1007.875,"NE"
"165","2013-06-14",15870,"Spring",107.208333333333,51.7475,0,0,12.9583333333333,25.8333333333333,1007.83333333333,"SE"
"166","2013-06-15",15871,"Spring",123.833333333333,10.3045833333333,0,0,15.0833333333333,25.25,1006.75,"NE"
"167","2013-06-16",15872,"Spring",173.833333333333,8.70083333333333,0,0.5,18.5416666666667,22.625,1003.375,"cv"
"168","2013-06-17",15873,"Spring",40.5833333333333,11.67875,0,0,16.2083333333333,25.7083333333333,1001.41666666667,"NE"
"169","2013-06-18",15874,"Spring",52.1666666666667,13.4095833333333,0,0,15.9583333333333,27.9583333333333,997.375,"NE"
"170","2013-06-19",15875,"Spring",52.4166666666667,3.22208333333333,0,0,14.2916666666667,29.125,1002.125,"cv"
"171","2013-06-20",15876,"Spring",90.2272727272727,4.57363636363636,0,0,17,27.0909090909091,1006.45454545455,"cv"
"172","2013-06-21",15877,"Spring",80.0833333333333,17.4895833333333,0,0,16.7916666666667,26.5,1008.91666666667,"NE"
"173","2013-06-22",15878,"Spring",59.1666666666667,11.80875,0,1.54166666666667,18.2916666666667,21.75,1008.16666666667,"NE"
"174","2013-06-23",15879,"Spring",67.5416666666667,7.76375,0,0,16.875,25.625,1003.54166666667,"NE"
"175","2013-06-24",15880,"Spring",110.458333333333,16.33125,0,0.25,19.75,24.9166666666667,1002.04166666667,"NE"
"176","2013-06-25",15881,"Spring",122.25,3.37,0,0.291666666666667,20.3333333333333,22.2916666666667,1000.25,"cv"
"177","2013-06-26",15882,"Spring",153.333333333333,14.5845833333333,0,0,20.9583333333333,25.6666666666667,996.916666666667,"NE"
"178","2013-06-27",15883,"Spring",96.5833333333333,3.8,0,0,18.25,27.75,997.666666666667,"cv"
"179","2013-06-28",15884,"Spring",301.083333333333,16.0366666666667,0,0.166666666666667,21.7916666666667,25.4166666666667,1000.66666666667,"NE"
"180","2013-06-29",15885,"Spring",97.7083333333333,2.21708333333333,0,0.0416666666666667,20.9166666666667,23.125,1003.83333333333,"cv"
"181","2013-06-30",15886,"Spring",181.708333333333,7.57916666666667,0,0,22.4166666666667,25.2083333333333,1003.41666666667,"NE"
"182","2013-07-01",15887,"Spring",148.041666666667,2.47666666666667,0,0.458333333333333,22.375,24.875,998.875,"NE"
"183","2013-07-02",15888,"Spring",18.1666666666667,36.2991666666667,0,0.75,17.3333333333333,28.7083333333333,994.833333333333,"NW"
"184","2013-07-03",15889,"Spring",30.9583333333333,9.73916666666667,0,0,18.375,30.0833333333333,995.125,"NW"
"185","2013-07-04",15890,"Spring",28.8333333333333,6.98458333333333,0,0.125,18.2083333333333,28.1666666666667,994.041666666667,"NW"
"186","2013-07-05",15891,"Spring",22.8333333333333,14.1933333333333,0,0,16.8333333333333,29.0833333333333,997.625,"cv"
"187","2013-07-06",15892,"Spring",61.125,21.31375,0,0.0416666666666667,19.2916666666667,29.625,1000.41666666667,"NE"
"188","2013-07-07",15893,"Spring",84.8333333333333,13.6475,0,0.25,22.3333333333333,27.375,999.958333333333,"NE"
"189","2013-07-08",15894,"Spring",94.0416666666667,3.445,0,1.33333333333333,22.75,25.0416666666667,1001.91666666667,"cv"
"190","2013-07-09",15895,"Spring",87.9166666666667,2.28875,0,1.95833333333333,22.7916666666667,24.3333333333333,1002.95833333333,"cv"
"191","2013-07-10",15896,"Spring",37.125,16.2804166666667,0,1.625,21.2083333333333,23.7916666666667,1004.70833333333,"NW"
"192","2013-07-11",15897,"Spring",40,28.3320833333333,0,0,20.2083333333333,25.125,1005.5,"NW"
"193","2013-07-12",15898,"Spring",70.2916666666667,9.64958333333333,0,0,21.6666666666667,26.5416666666667,1005.375,"NE"
"194","2013-07-13",15899,"Spring",108.791666666667,14.6445833333333,0,0,22.25,27.375,1006.45833333333,"NE"
"195","2013-07-14",15900,"Spring",88.1666666666667,25.8808333333333,0,0.125,21.3333333333333,26.5833333333333,1007.20833333333,"NE"
"196","2013-07-15",15901,"Spring",63.4166666666667,14.1379166666667,0,13.125,23.0416666666667,24.25,999.125,"NE"
"197","2013-07-16",15902,"Spring",27.375,11.00625,0,0,17.25,27.4166666666667,999.291666666667,"cv"
"198","2013-07-17",15903,"Spring",48.4782608695652,11.3286956521739,0,0,18.3913043478261,26.3913043478261,1004.82608695652,"cv"
"199","2013-07-18",15904,"Spring",134.083333333333,27.1120833333333,0,0.125,22.0833333333333,25.5,1004.29166666667,"NE"
"200","2013-07-19",15905,"Spring",122.5,5.71291666666667,0,0,21.25,26.5416666666667,1001.875,"cv"
"201","2013-07-20",15906,"Spring",99.0416666666667,1.9725,0,0,18.5833333333333,28.0833333333333,1003.5,"cv"
"202","2013-07-21",15907,"Spring",72.875,8.80833333333333,0,0,20.875,27.375,1004.45833333333,"NE"
"203","2013-07-22",15908,"Spring",100.111111111111,13.6561111111111,0,0,20.1666666666667,25.5,1003.83333333333,"NE"
"204","2013-07-23",15909,"Spring",43.8333333333333,12.4595833333333,0,0.0416666666666667,17.7916666666667,27.2916666666667,999.833333333333,"NE"
"205","2013-07-24",15910,"Spring",40.8333333333333,13.705,0,0,16.5,29.6666666666667,999.208333333333,"NW"
"206","2013-07-25",15911,"Spring",33.0833333333333,14.8054166666667,0,0,16.75,29.7083333333333,1001,"cv"
"207","2013-07-26",15912,"Spring",54.0416666666667,15.1420833333333,0,0.25,19.25,25.9166666666667,1002.91666666667,"cv"
"208","2013-07-27",15913,"Spring",107.416666666667,2.25041666666667,0,1.25,22.25,24.5833333333333,1000.41666666667,"cv"
"209","2013-07-28",15914,"Spring",64,5.77375,0,0,18.9583333333333,29.9583333333333,999.625,"cv"
"210","2013-07-29",15915,"Spring",66.3333333333333,3.77791666666667,0,0.0416666666666667,22.0833333333333,28.5416666666667,999.583333333333,"NE"
"211","2013-07-30",15916,"Spring",101.083333333333,8.08375,0,0,21.6666666666667,28.5833333333333,997.166666666667,"NE"
"212","2013-07-31",15917,"Spring",45.7916666666667,7.84166666666667,0,0.791666666666667,20,26.2916666666667,999.541666666667,"cv"
"213","2013-08-01",15918,"Spring",44.9166666666667,2.53333333333333,0,0.416666666666667,19.7916666666667,23.1666666666667,1003.08333333333,"cv"
"214","2013-08-02",15919,"Spring",70.9583333333333,3.7975,0,0.0416666666666667,19.8333333333333,25.8333333333333,1005.16666666667,"cv"
"215","2013-08-03",15920,"Spring",32.9166666666667,12.2029166666667,0,0,17.25,27.5833333333333,1003.20833333333,"NE"
"216","2013-08-04",15921,"Spring",84.2083333333333,9.14666666666667,0,0.166666666666667,20.9583333333333,27.0416666666667,999.708333333333,"NE"
"217","2013-08-05",15922,"Spring",44.4166666666667,5.57125,0,0.0833333333333333,19.3333333333333,26,997.875,"cv"
"218","2013-08-06",15923,"Spring",121.458333333333,5.95958333333333,0,0,23.75,28.375,998.958333333333,"NE"
"219","2013-08-07",15924,"Spring",36.7916666666667,16.8341666666667,0,0.541666666666667,20.5,25.75,1001.95833333333,"NW"
"220","2013-08-08",15925,"Spring",31.9166666666667,9.36875,0,0,19.0416666666667,28.0833333333333,999.666666666667,"cv"
"221","2013-08-09",15926,"Spring",36.0416666666667,14.6041666666667,0,0,18.2916666666667,28.5833333333333,1000.54166666667,"cv"
"222","2013-08-10",15927,"Spring",88.3333333333333,4.97,0,0,22.25,28.75,1004.25,"cv"
"223","2013-08-11",15928,"Spring",123,6.09208333333333,0,0.75,23.5833333333333,27.5,1005.58333333333,"NE"
"224","2013-08-12",15929,"Spring",53.2083333333333,30.6666666666667,0,0.125,21.7916666666667,26.625,1004.58333333333,"NE"
"225","2013-08-13",15930,"Spring",79.4166666666667,8.77,0,0.0416666666666667,22.2083333333333,28.0833333333333,1004.33333333333,"NE"
"226","2013-08-14",15931,"Spring",62.125,13.3004166666667,0,0,22.25,28.3333333333333,1003.70833333333,"NE"
"227","2013-08-15",15932,"Spring",100.916666666667,18.9491666666667,0,0,24.2083333333333,29.375,1002.29166666667,"NE"
"228","2013-08-16",15933,"Spring",107.666666666667,7.78625,0,0.208333333333333,24.7916666666667,28.2083333333333,997.333333333333,"cv"
"229","2013-08-17",15934,"Spring",44.6666666666667,44.9525,0,0,14.8333333333333,31,1000.58333333333,"NW"
"230","2013-08-18",15935,"Spring",15.8333333333333,3.24083333333333,0,0,14.375,28.0833333333333,1007.625,"cv"
"231","2013-08-19",15936,"Spring",25.1304347826087,4.93739130434783,0,0,14.304347826087,27.3478260869565,1009.82608695652,"cv"
"232","2013-08-20",15937,"Spring",92.0833333333333,5.03083333333333,0,0.375,20.375,25.5,1008.83333333333,"cv"
"233","2013-08-21",15938,"Spring",100.739130434783,11.7591304347826,0,0,19.7826086956522,26.0869565217391,1007.52173913043,"NE"
"234","2013-08-22",15939,"Spring",121.047619047619,5.34333333333333,0,0.285714285714286,19.7142857142857,23.6190476190476,1008.57142857143,"cv"
"235","2013-08-23",15940,"Spring",61.0833333333333,10.3904166666667,0,0,16.25,26.9583333333333,1008.70833333333,"NW"
"236","2013-08-24",15941,"Spring",38.2916666666667,7.36083333333333,0,0,14.4583333333333,26.5416666666667,1008.83333333333,"cv"
"237","2013-08-25",15942,"Spring",44.5833333333333,9.61125,0,0,15.4166666666667,27.0833333333333,1006.25,"cv"
"238","2013-08-26",15943,"Spring",53.875,15.3845833333333,0,0,16.2083333333333,27,1005.375,"NE"
"239","2013-08-27",15944,"Spring",54.75,44.0408333333333,0,0.0833333333333333,18.5,24.2083333333333,1007.16666666667,"NE"
"240","2013-08-28",15945,"Spring",72.4166666666667,15.8033333333333,0,0.708333333333333,19.625,23.0833333333333,999.75,"cv"
"241","2013-08-29",15946,"Spring",36.5833333333333,60.9258333333333,0,0,10.9583333333333,24.75,1002.08333333333,"NW"
"242","2013-08-30",15947,"Spring",15.8,12.0725,0,0.1,9.1,21.8,1011.65,"cv"
"243","2013-08-31",15948,"Spring",23.75,4.65708333333333,0,0,9.125,22.5,1011.54166666667,"cv"
"244","2013-09-01",15949,"Spring",48.4583333333333,4.20958333333333,0,0.125,12.625,22.7916666666667,1013.125,"cv"
"245","2013-09-02",15950,"Spring",59.875,5.19875,0,0,13.75,22.0833333333333,1015.41666666667,"cv"
"246","2013-09-03",15951,"Spring",99.5833333333333,5.2525,0,0,16,22.5416666666667,1015.875,"cv"
"247","2013-09-04",15952,"Spring",83.125,6.48375,0,1.33333333333333,16.75,20.4583333333333,1015.79166666667,"NE"
"248","2013-09-05",15953,"Spring",24.625,14.2333333333333,0,1.875,13.9583333333333,20.7083333333333,1014.125,"cv"
"249","2013-09-06",15954,"Spring",77.375,6.57208333333333,0,0.125,14.4583333333333,21.0416666666667,1015.79166666667,"NE"
"250","2013-09-07",15955,"Spring",82.0833333333333,3.72416666666667,0,0,12.9166666666667,22,1016.375,"cv"
"251","2013-09-08",15956,"Spring",111.666666666667,2.15625,0,0.0833333333333333,15.625,21.3333333333333,1016.125,"cv"
"252","2013-09-09",15957,"Spring",85.375,11.7383333333333,0,0.208333333333333,15.8333333333333,21.2916666666667,1012.66666666667,"NE"
"253","2013-09-10",15958,"Spring",66.4583333333333,13.3225,0,0,10.7916666666667,22.875,1011.875,"cv"
"254","2013-09-11",15959,"Spring",72.5833333333333,13.48875,0,0,12.7916666666667,21.4583333333333,1014.08333333333,"cv"
"255","2013-09-12",15960,"Spring",153.291666666667,13.2658333333333,0,0.0833333333333333,15.625,22.0833333333333,1011.45833333333,"NE"
"256","2013-09-13",15961,"Spring",103.772727272727,10.4913636363636,0,0.318181818181818,17,19.8181818181818,1006.04545454545,"NE"
"257","2013-09-14",15962,"Spring",72.8333333333333,6.52125,0,0,12.0416666666667,23.1666666666667,1008.04166666667,"NW"
"258","2013-09-15",15963,"Spring",24.8333333333333,6.53833333333333,0,0,5.5,20.375,1013.41666666667,"cv"
"259","2013-09-16",15964,"Spring",57.125,5.58458333333333,0,0,12.7916666666667,20.4166666666667,1011.45833333333,"cv"
"260","2013-09-17",15965,"Spring",103.458333333333,1.99041666666667,0,1.20833333333333,16.5833333333333,20,1014.54166666667,"cv"
"261","2013-09-18",15966,"Spring",115.75,3.50166666666667,0,0.166666666666667,17.7916666666667,21.4166666666667,1018.54166666667,"cv"
"262","2013-09-19",15967,"Spring",122.083333333333,4.31958333333333,0,0.125,17.5,21.7916666666667,1013.125,"cv"
"263","2013-09-20",15968,"Spring",67.7916666666667,6.685,0,0,13.25,22.0416666666667,1014.95833333333,"cv"
"264","2013-09-21",15969,"Spring",53.5833333333333,9.68541666666667,0,0,13.2916666666667,22.8333333333333,1015.125,"cv"
"265","2013-09-22",15970,"Spring",90.5,1.48666666666667,0,0.0416666666666667,15.5833333333333,20.2083333333333,1014.875,"cv"
"266","2013-09-23",15971,"Spring",44.2916666666667,31.8083333333333,0,4.375,9.16666666666667,16.2083333333333,1017.875,"NW"
"267","2013-09-24",15972,"Spring",15.375,12.6620833333333,0,0,2.41666666666667,14.4166666666667,1021.66666666667,"NW"
"268","2013-09-25",15973,"Spring",16.7083333333333,8.79166666666667,0,0,-1.79166666666667,16.4583333333333,1020.25,"cv"
"269","2013-09-26",15974,"Spring",53.8695652173913,4.88,0,0,5.65217391304348,15.4347826086957,1016.69565217391,"cv"
"270","2013-09-27",15975,"Spring",192.708333333333,6.0175,0,0,9.20833333333333,16.0833333333333,1011.375,"NE"
"271","2013-09-28",15976,"Spring",243.583333333333,3.35208333333333,0,0,9.95833333333333,15.875,1011,"NE"
"272","2013-09-29",15977,"Spring",229.916666666667,14.0820833333333,0,0,12.8333333333333,17.25,1017.08333333333,"NW"
"273","2013-09-30",15978,"Spring",149.291666666667,7.12916666666667,0,0,14.375,18.9583333333333,1018.375,"NE"
"274","2013-10-01",15979,"Spring",77.25,4.18916666666667,0,1.16666666666667,13.4166666666667,18.0833333333333,1016.79166666667,"cv"
"275","2013-10-02",15980,"Spring",19.1666666666667,7.615,0,0,3.58333333333333,16.4166666666667,1020.66666666667,"cv"
"276","2013-10-03",15981,"Spring",61.1666666666667,6.70291666666667,0,0,7.75,14.9166666666667,1017.91666666667,"NE"
"277","2013-10-04",15982,"Spring",153.458333333333,3.76208333333333,0,0,11.125,16.1666666666667,1013.95833333333,"NE"
"278","2013-10-05",15983,"Spring",307.666666666667,3.63125,0,0,11.9166666666667,16.9166666666667,1019.125,"cv"
"279","2013-10-06",15984,"Spring",219.75,1.97,0,0.0416666666666667,12.875,16.0416666666667,1022.25,"cv"
"280","2013-10-07",15985,"Spring",96.5,8.04583333333333,0,0,7.83333333333333,18.1666666666667,1022.16666666667,"cv"
"281","2013-10-08",15986,"Spring",62.45,4.9575,0,0,8.75,15.95,1020.3,"cv"
"282","2013-10-09",15987,"Spring",141.875,2.27041666666667,0,0,10.0833333333333,14.7083333333333,1010.875,"cv"
"283","2013-10-10",15988,"Spring",89.3333333333333,43.0816666666667,0,0,4.04166666666667,16.9166666666667,1010.54166666667,"NW"
"284","2013-10-11",15989,"Spring",56.0416666666667,2.62583333333333,0,0,2.79166666666667,14.75,1015.08333333333,"cv"
"285","2013-10-12",15990,"Spring",70.625,7.59666666666667,0,0.0416666666666667,5.95833333333333,15.5,1017.83333333333,"NW"
"286","2013-10-13",15991,"Spring",57.75,3.315,0,0.125,8.29166666666667,15.125,1018.54166666667,"cv"
"287","2013-10-14",15992,"Spring",40.3333333333333,18.30375,0,0.125,0.208333333333333,12.1666666666667,1025.95833333333,"cv"
"288","2013-10-15",15993,"Spring",21.5833333333333,4.26583333333333,0,0,-6.875,9.33333333333333,1030.33333333333,"cv"
"289","2013-10-16",15994,"Spring",59.5833333333333,8.73458333333333,0,0,-3,10.7916666666667,1025.33333333333,"cv"
"290","2013-10-17",15995,"Spring",160.75,8.62166666666667,0,0,2.25,10.5,1025.95833333333,"NE"
"291","2013-10-18",15996,"Spring",245.708333333333,3.42583333333333,0,0,4.375,11.0416666666667,1024.70833333333,"cv"
"292","2013-10-19",15997,"Spring",78.125,52.5658333333333,0,0.0416666666666667,-1.33333333333333,14.1666666666667,1025.08333333333,"NW"
"293","2013-10-20",15998,"Spring",28.5,4.15375,0,0,-2.75,12.6666666666667,1024.70833333333,"cv"
"294","2013-10-21",15999,"Spring",96.8333333333333,4.33416666666667,0,0,1.54166666666667,10.75,1022.91666666667,"cv"
"295","2013-10-22",16000,"Spring",151.136363636364,3.67681818181818,0,0.136363636363636,4.27272727272727,10.1818181818182,1022.09090909091,"cv"
"296","2013-10-23",16001,"Spring",28.3333333333333,20.2854166666667,0,0,-7.33333333333333,10.0416666666667,1022.16666666667,"NW"
"297","2013-10-24",16002,"Spring",22.6666666666667,39.5970833333333,0,0,-7.58333333333333,10.5,1026.625,"NW"
"298","2013-10-25",16003,"Spring",46.6666666666667,61.4129166666667,0,0,-3.70833333333333,11.5416666666667,1026.91666666667,"NW"
"299","2013-10-26",16004,"Spring",66.5833333333333,15.8325,0,0,-2.875,9.29166666666667,1022.41666666667,"cv"
"300","2013-10-27",16005,"Spring",220.541666666667,2.02833333333333,0,0,1.75,8.29166666666667,1017.58333333333,"cv"
"301","2013-10-28",16006,"Spring",316,11.1016666666667,0,0,3.5,10.2083333333333,1019.41666666667,"NW"
"302","2013-10-29",16007,"Spring",42.5,4.30333333333333,0,0,-2.375,9.66666666666667,1027.54166666667,"cv"
"303","2013-10-30",16008,"Spring",94.5833333333333,2.69875,0,0,-0.916666666666667,7.33333333333333,1027.83333333333,"cv"
"304","2013-10-31",16009,"Spring",162.833333333333,6.12708333333333,0,0,0.625,7.83333333333333,1027.25,"cv"
"305","2013-11-01",16010,"Spring",220.25,3.10916666666667,0,0.0416666666666667,2.625,8,1026.08333333333,"cv"
"306","2013-11-02",16011,"Spring",281.041666666667,6.70041666666667,0,0,4.04166666666667,8.33333333333333,1022.25,"cv"
"307","2013-11-03",16012,"Spring",61,25.8716666666667,0,0,-3.75,12.6666666666667,1024,"NW"
"308","2013-11-04",16013,"Spring",47.0416666666667,3.63041666666667,0,0,-3.58333333333333,9.625,1027.83333333333,"cv"
"309","2013-11-05",16014,"Spring",197.708333333333,1.85958333333333,0,0,0.375,8.66666666666667,1020.66666666667,"cv"
"310","2013-11-06",16015,"Spring",125.583333333333,36.7354166666667,0,0,-7.54166666666667,9.75,1017.375,"NW"
"311","2013-11-07",16016,"Spring",38.0833333333333,39.5825,0,0,-10.25,8.70833333333333,1020.79166666667,"cv"
"312","2013-11-08",16017,"Spring",162.125,1.63875,0,0,-2.91666666666667,6.41666666666667,1020.41666666667,"cv"
"313","2013-11-09",16018,"Spring",103.958333333333,13.7795833333333,0,0,-5.5,9.66666666666667,1023.58333333333,"NW"
"314","2013-11-10",16019,"Spring",19.0833333333333,107.962083333333,0,0,-25.875,5.08333333333333,1029.25,"NW"
"315","2013-11-11",16020,"Spring",37.9166666666667,8.325,0,0,-12.2916666666667,5.75,1028,"cv"
"316","2013-11-12",16021,"Spring",63.625,4.39541666666667,0,0,-7.375,6.625,1024.75,"cv"
"317","2013-11-13",16022,"Spring",190.958333333333,1.84083333333333,0,0,-1.75,5,1021.20833333333,"cv"
"318","2013-11-14",16023,"Spring",73.1666666666667,18.25625,0,0,-9.70833333333333,8.41666666666667,1018.58333333333,"NW"
"319","2013-11-15",16024,"Spring",113,4.88,0,0,-8.375,6.625,1017.04166666667,"cv"
"320","2013-11-16",16025,"Spring",55.625,84.6654166666667,0,0,-11.7916666666667,8.20833333333333,1018.83333333333,"NW"
"321","2013-11-17",16026,"Spring",13.7083333333333,54.2583333333333,0,0,-15.5,4.75,1024.375,"NW"
"322","2013-11-18",16027,"Spring",11.5,160.366666666667,0,0,-18.0833333333333,4.79166666666667,1026.66666666667,"NW"
"323","2013-11-19",16028,"Spring",38,6.1995652173913,0,0,-16.4782608695652,2.43478260869565,1025.08695652174,"cv"
"324","2013-11-20",16029,"Spring",75.2083333333333,7.74541666666667,0,0,-11.25,3.45833333333333,1023.29166666667,"NW"
"325","2013-11-21",16030,"Spring",128.583333333333,3.51541666666667,0,0,-8.75,3.95833333333333,1025.83333333333,"NW"
"326","2013-11-22",16031,"Spring",167.875,9.29625,0,0,-8.08333333333333,4.54166666666667,1024.29166666667,"NW"
"327","2013-11-23",16032,"Spring",228.391304347826,4.33086956521739,0,0,-7,6.08695652173913,1020,"NW"
"328","2013-11-24",16033,"Spring",102.875,13.1854166666667,0,0,-10,6.29166666666667,1015.41666666667,"NW"
"329","2013-11-25",16034,"Spring",21.9166666666667,95.2970833333333,0,0,-16.875,4.5,1017.33333333333,"NW"
"330","2013-11-26",16035,"Spring",28.7083333333333,27.13125,0,0,-19.625,0.916666666666667,1018.875,"NW"
"331","2013-11-27",16036,"Spring",7.45833333333333,219.329583333333,0,0,-27.2083333333333,-2.25,1026.91666666667,"NW"
"332","2013-11-28",16037,"Spring",25.5,407.353333333333,0,0,-26,1.70833333333333,1026.16666666667,"NW"
"333","2013-11-29",16038,"Spring",57.4166666666667,47.34625,0,0,-15.6666666666667,4.875,1020,"cv"
"334","2013-11-30",16039,"Spring",37.5833333333333,8.02458333333333,0,0,-15.375,3.91666666666667,1022.70833333333,"NW"
"335","2013-12-01",16040,"Spring",79.1666666666667,3.44416666666667,0,0,-14,2.91666666666667,1023.125,"cv"
"336","2013-12-02",16041,"Spring",133.583333333333,3.50083333333333,0,0,-12.2916666666667,2.20833333333333,1018.875,"NW"
"337","2013-12-03",16042,"Spring",92.5,10.28125,0,0,-12.875,6.5,1021.58333333333,"NW"
"338","2013-12-04",16043,"Spring",116.25,3.96833333333333,0,0,-10.2916666666667,4.54166666666667,1019.66666666667,"cv"
"339","2013-12-05",16044,"Spring",49.25,3.68791666666667,0,0,-13.7083333333333,4.875,1023.58333333333,"cv"
"340","2013-12-06",16045,"Spring",154.666666666667,1.71041666666667,0,0,-9.70833333333333,1.41666666666667,1019.58333333333,"cv"
"341","2013-12-07",16046,"Spring",343.916666666667,2.21583333333333,0,0,-5.375,0.166666666666667,1019.875,"cv"
"342","2013-12-08",16047,"Spring",232.25,20.25,0,0,-7.25,5.08333333333333,1020.54166666667,"NW"
"343","2013-12-09",16048,"Spring",17.3333333333333,120.545833333333,0,0,-16.6666666666667,2.08333333333333,1023.875,"NW"
"344","2013-12-10",16049,"Spring",29.5,38.09125,0,0,-16.625,0.0416666666666667,1019.70833333333,"NW"
"345","2013-12-11",16050,"Spring",28.6666666666667,41.4620833333333,0,0,-19.4583333333333,1.54166666666667,1019.41666666667,"cv"
"346","2013-12-12",16051,"Spring",23.1666666666667,35.5370833333333,0,0,-23.625,-2.875,1021.54166666667,"NW"
"347","2013-12-13",16052,"Spring",68.625,3.72458333333333,0,0,-21.6666666666667,-3.79166666666667,1025.54166666667,"cv"
"348","2013-12-14",16053,"Spring",63.7083333333333,6.75875,0,0,-22.3333333333333,-2.91666666666667,1028.70833333333,"cv"
"349","2013-12-15",16054,"Spring",50.25,3.74291666666667,0,0,-20.75,-0.916666666666667,1033.33333333333,"cv"
"350","2013-12-16",16055,"Spring",181.75,2.80791666666667,0,0,-14.75,-3.04166666666667,1031.125,"cv"
"351","2013-12-17",16056,"Spring",89.9166666666667,14.065,0,0,-17,-0.958333333333333,1033.125,"cv"
"352","2013-12-18",16057,"Spring",50.125,16.33625,0,0,-20.125,-4.79166666666667,1032.625,"cv"
"353","2013-12-19",16058,"Spring",41.5833333333333,9.85041666666667,0,0,-19.2916666666667,-5.375,1030.75,"cv"
"354","2013-12-20",16059,"Spring",41.7272727272727,6.48318181818182,0,0,-18.4545454545455,-4,1034.36363636364,"cv"
"355","2013-12-21",16060,"Spring",81.7083333333333,6.835,0,0,-18.2083333333333,-2.625,1035.16666666667,"cv"
"356","2013-12-22",16061,"Spring",177.958333333333,3.87291666666667,0,0,-14.6666666666667,-4.70833333333333,1032.33333333333,"cv"
"357","2013-12-23",16062,"Spring",149.833333333333,11.045,0,0,-15.625,-2.41666666666667,1032.04166666667,"cv"
"358","2013-12-24",16063,"Spring",315.916666666667,1.72791666666667,0,0,-11.6666666666667,-4.54166666666667,1034.04166666667,"cv"
"359","2013-12-25",16064,"Spring",180.708333333333,41.7333333333333,0,0,-14.875,-2.16666666666667,1028.33333333333,"NW"
"360","2013-12-26",16065,"Spring",14.625,245.887083333333,0,0,-23.4166666666667,-1.79166666666667,1034.04166666667,"NW"
"361","2013-12-27",16066,"Spring",31.9166666666667,259.740416666667,0,0,-21.5416666666667,-2.33333333333333,1030.375,"NW"
"362","2013-12-28",16067,"Spring",20.5652173913043,75.8686956521739,0,0,-22.8260869565217,-1.30434782608696,1026.30434782609,"NW"
"363","2013-12-29",16068,"Spring",53.6111111111111,11.3705555555556,0,0,-23.3888888888889,1.05555555555556,1020,"cv"
"364","2013-12-30",16069,"Spring",42.2307692307692,76.7376923076923,0,0,-21.6923076923077,5.53846153846154,1014.92307692308,"NW"
"365","2013-12-31",16070,"Spring",51.8333333333333,56.8766666666667,0,0,-18.6666666666667,4.66666666666667,1012.33333333333,"NW"
"366","2014-01-01",16071,"Spring",53.4166666666667,51.5916666666667,0,0,-17.1666666666667,6.625,1014.45833333333,"NW"
"367","2014-01-02",16072,"Spring",162.625,3.56958333333333,0,0,-9.20833333333333,0.375,1018.33333333333,"cv"
"368","2014-01-03",16073,"Spring",61.9166666666667,5.99666666666667,0,0,-13.375,2.75,1022.125,"NW"
"369","2014-01-04",16074,"Spring",150.416666666667,2.92416666666667,0,0,-7.25,-2,1022.875,"cv"
"370","2014-01-05",16075,"Spring",104.083333333333,15.2370833333333,0,0,-11.0833333333333,-0.916666666666667,1024.29166666667,"cv"
"371","2014-01-06",16076,"Spring",150.875,10.3554166666667,0.375,0,-5.29166666666667,-0.916666666666667,1026,"NE"
"372","2014-01-07",16077,"Spring",121.333333333333,9.57125,0,0,-12.25,-0.0833333333333333,1026.875,"NW"
"373","2014-01-08",16078,"Spring",19.25,25.7375,0,0,-23,-3.375,1033.625,"NW"
"374","2014-01-09",16079,"Spring",32.4166666666667,21.795,0,0,-25.7916666666667,-4.41666666666667,1031.79166666667,"NW"
"375","2014-01-10",16080,"Spring",79.8333333333333,3.985,0,0,-23.25,-4.75,1030.75,"cv"
"376","2014-01-11",16081,"Spring",156.708333333333,3.5,0,0,-20.7916666666667,-3.79166666666667,1030.33333333333,"NW"
"377","2014-01-12",16082,"Spring",26.5789473684211,8.4678947368421,0,0,-24.2631578947368,-1.42105263157895,1036.05263157895,"NW"
"378","2014-01-13",16083,"Spring",119.833333333333,1.93416666666667,0,0,-19.5,-5.5,1031.83333333333,"cv"
"379","2014-01-14",16084,"Spring",124.75,4.50666666666667,0,0,-18.2916666666667,-3.83333333333333,1033.875,"NW"
"380","2014-01-15",16085,"Spring",191.791666666667,4.41208333333333,0,0,-17.0833333333333,-2.83333333333333,1031.08333333333,"NW"
"381","2014-01-16",16086,"Spring",457.5,4.1725,0,0,-8.45833333333333,-0.916666666666667,1027.91666666667,"cv"
"382","2014-01-17",16087,"Spring",167.541666666667,18.0079166666667,0.166666666666667,0,-13.6666666666667,0.5,1031.33333333333,"cv"
"383","2014-01-18",16088,"Spring",71.25,18.3245833333333,0,0,-17.4583333333333,0.458333333333333,1032.66666666667,"cv"
"384","2014-01-19",16089,"Spring",131.166666666667,11.3220833333333,0,0,-10.5416666666667,0.0416666666666667,1024.83333333333,"cv"
"385","2014-01-20",16090,"Spring",10.4583333333333,175.352083333333,0,0,-22.0833333333333,0.0416666666666667,1029.58333333333,"NW"
"386","2014-01-21",16091,"Spring",42.375,109.365416666667,0,0,-21.75,-1.20833333333333,1032.04166666667,"cv"
"387","2014-01-22",16092,"Spring",154,3.47318181818182,0,0,-18.1818181818182,-3.77272727272727,1023.81818181818,"cv"
"388","2014-01-23",16093,"Spring",289.375,1.58125,0,0,-14.0416666666667,-3.08333333333333,1016.79166666667,"NW"
"389","2014-01-24",16094,"Spring",162.666666666667,10.63625,0,0,-16.9583333333333,2.5,1017.29166666667,"NW"
"390","2014-01-25",16095,"Spring",34.2083333333333,9.40541666666667,0,0,-19.125,1.79166666666667,1027,"cv"
"391","2014-01-26",16096,"Spring",55.6666666666667,15.93125,0,0,-10.5833333333333,-1.04166666666667,1029.125,"NE"
"392","2014-01-27",16097,"Spring",100.791666666667,15.5583333333333,0,0,-14.2916666666667,0.5,1019.125,"NW"
"393","2014-01-28",16098,"Spring",43.9166666666667,19.48125,0,0,-16.125,-0.0416666666666667,1027.75,"NE"
"394","2014-01-29",16099,"Spring",142.875,4.31875,0,0,-8.83333333333333,-2.5,1014.91666666667,"cv"
"395","2014-01-30",16100,"Spring",75.1666666666667,12.5720833333333,0,0,-17.6666666666667,1.95833333333333,1017.79166666667,"cv"
"396","2014-01-31",16101,"Spring",164.291666666667,10.7629166666667,0,0,-6.625,0.291666666666667,1019.33333333333,"cv"
"397","2014-02-01",16102,"Spring",156.833333333333,9.55833333333333,0,0,-3.625,2.66666666666667,1016,"cv"
"398","2014-02-02",16103,"Spring",74.375,38.0545833333333,0,0,-15.9583333333333,4.41666666666667,1015.04166666667,"cv"
"399","2014-02-03",16104,"Spring",7.41666666666667,54.1166666666667,0,0,-33.3333333333333,-1.20833333333333,1026.875,"NW"
"400","2014-02-04",16105,"Spring",25.75,33.0629166666667,0,0,-31.7083333333333,-3,1029.625,"NW"
"401","2014-02-05",16106,"Spring",102.375,5.3775,0,0,-18.1666666666667,-3.91666666666667,1028.70833333333,"NE"
"402","2014-02-06",16107,"Spring",145.25,2.3075,0,0,-13.0416666666667,-2.375,1029.91666666667,"cv"
"403","2014-02-07",16108,"Spring",102.25,37.86125,7.125,0,-7.25,-3.375,1027.33333333333,"SE"
"404","2014-02-08",16109,"Spring",60.0416666666667,23.455,4.375,0,-11.9166666666667,-2.95833333333333,1027.83333333333,"cv"
"405","2014-02-09",16110,"Spring",13.375,63.9641666666667,0,0,-21.375,-5.875,1036.45833333333,"NW"
"406","2014-02-10",16111,"Spring",23.9166666666667,14.5854166666667,0,0,-19.7916666666667,-6.33333333333333,1035.04166666667,"cv"
"407","2014-02-11",16112,"Spring",124.833333333333,4.50666666666667,0,0,-15.5416666666667,-6.04166666666667,1028.29166666667,"cv"
"408","2014-02-12",16113,"Spring",143.583333333333,10.04125,0,0,-16.4583333333333,-2.66666666666667,1032.29166666667,"cv"
"409","2014-02-13",16114,"Spring",211.166666666667,43.9791666666667,0.125,0,-10.5833333333333,-2.20833333333333,1034.83333333333,"NE"
"410","2014-02-14",16115,"Spring",286.5,2.08166666666667,0,0,-9,-3.125,1026.45833333333,"cv"
"411","2014-02-15",16116,"Spring",372,3.55875,0,0,-7.95833333333333,-1.79166666666667,1024.41666666667,"cv"
"412","2014-02-16",16117,"Spring",273.875,14.4933333333333,0,0,-9.625,0.75,1029.08333333333,"cv"
"413","2014-02-17",16118,"Spring",80.7916666666667,14.1379166666667,0,0,-13.4583333333333,0.875,1034.75,"NE"
"414","2014-02-18",16119,"Spring",67.0869565217391,18.5247826086957,0.0434782608695652,0,-11.8695652173913,-1.47826086956522,1032.34782608696,"NE"
"415","2014-02-19",16120,"Spring",78.4166666666667,6.94666666666667,0,0,-13.0833333333333,-0.541666666666667,1028.66666666667,"cv"
"416","2014-02-20",16121,"Spring",260.217391304348,16.8317391304348,0.130434782608696,0,-6.04347826086957,-1.73913043478261,1030.21739130435,"NE"
"417","2014-02-21",16122,"Spring",331.083333333333,1.99375,0,0,-6.29166666666667,-0.875,1028.29166666667,"cv"
"418","2014-02-22",16123,"Spring",339.583333333333,6.87083333333333,0,0,-4.70833333333333,2.66666666666667,1029.79166666667,"cv"
"419","2014-02-23",16124,"Spring",293.304347826087,4.96739130434783,0,0,-5.60869565217391,1.78260869565217,1030.73913043478,"cv"
"420","2014-02-24",16125,"Spring",351.625,2.77208333333333,0,0,-4.95833333333333,3.45833333333333,1027.41666666667,"cv"
"421","2014-02-25",16126,"Spring",442.666666666667,2.6975,0,0,-4.29166666666667,2.45833333333333,1026.04166666667,"NW"
"422","2014-02-26",16127,"Spring",407.666666666667,4.1325,0,0.291666666666667,-1.16666666666667,4.66666666666667,1022.83333333333,"NW"
"423","2014-02-27",16128,"Spring",19.9166666666667,27.9804166666667,0,0,-16.4166666666667,4.45833333333333,1028.625,"NW"
"424","2014-02-28",16129,"Spring",97.4166666666667,3.85458333333333,0,0,-7.5,1.41666666666667,1026.58333333333,"cv"
"425","2014-03-01",16130,"Spring",84.9166666666667,14.95375,0,0,-15.375,5.08333333333333,1023.29166666667,"NW"
"426","2014-03-02",16131,"Spring",154.583333333333,7.98916666666667,0,0,-8.16666666666667,3.875,1022.45833333333,"NE"
"427","2014-03-03",16132,"Spring",245.208333333333,5.92333333333333,0,0,-5.91666666666667,1,1021.95833333333,"cv"
"428","2014-03-04",16133,"Spring",59.7916666666667,46.21375,0,0,-19.25,4.125,1026.08333333333,"NW"
"429","2014-03-05",16134,"Spring",24.9583333333333,32.3520833333333,0,0,-21.4166666666667,2.33333333333333,1028.20833333333,"cv"
"430","2014-03-06",16135,"Spring",18.0833333333333,12.6108333333333,0,0,-26.625,2.75,1029.79166666667,"NW"
"431","2014-03-07",16136,"Spring",59.6666666666667,7.56416666666667,0,0,-18.6666666666667,2.5,1029.375,"NE"
"432","2014-03-08",16137,"Spring",174.791666666667,6.61625,0,0,-7.54166666666667,3.75,1023.41666666667,"NE"
"433","2014-03-09",16138,"Spring",123.041666666667,10.32125,0,0,-9.79166666666667,3.29166666666667,1025.95833333333,"NE"
"434","2014-03-10",16139,"Spring",101.458333333333,10.0425,0,0,-7.33333333333333,2.75,1023.91666666667,"NE"
"435","2014-03-11",16140,"Spring",204.708333333333,6.94666666666667,0,0,-6.41666666666667,6.83333333333333,1017.66666666667,"cv"
"436","2014-03-12",16141,"Spring",18.0833333333333,8.45375,0,0,-19.125,7.08333333333333,1025.33333333333,"NW"
"437","2014-03-13",16142,"Spring",22.75,8.71916666666667,0,0,-21.125,6.58333333333333,1021.66666666667,"cv"
"438","2014-03-14",16143,"Spring",22.875,37.1404166666667,0,0,-21.2916666666667,11.0833333333333,1018,"cv"
"439","2014-03-15",16144,"Spring",109.041666666667,10.6920833333333,0,0,-10.5,11,1010.75,"NE"
"440","2014-03-16",16145,"Spring",124.625,13.05125,0,0,-9.04166666666667,11.625,1014.91666666667,"NE"
"441","2014-03-17",16146,"Spring",91.0833333333333,40.8079166666667,0,0,-7.66666666666667,12.7916666666667,1012.04166666667,"NW"
"442","2014-03-18",16147,"Spring",39.9583333333333,35.9641666666667,0,0,-9.70833333333333,11.7083333333333,1021.91666666667,"NE"
"443","2014-03-19",16148,"Spring",59.6666666666667,18.4391666666667,0,0,-7.83333333333333,8.79166666666667,1022.54166666667,"cv"
"444","2014-03-20",16149,"Spring",10.3333333333333,33.8404166666667,0,0,-16,11.75,1026.25,"NW"
"445","2014-03-21",16150,"Spring",25.7391304347826,13.3295652173913,0,0,-14.8695652173913,14.4347826086957,1020.21739130435,"cv"
"446","2014-03-22",16151,"Spring",65,10.33625,0,0,-13.875,14.5833333333333,1017.5,"cv"
"447","2014-03-23",16152,"Spring",152.458333333333,14.03875,0,0,-4.875,12.5,1023.29166666667,"NE"
"448","2014-03-24",16153,"Spring",243.916666666667,5.69375,0,0,0.208333333333333,12.875,1013.875,"NE"
"449","2014-03-25",16154,"Spring",228.375,6.12375,0,0,1.20833333333333,14.7083333333333,1010.08333333333,"cv"
"450","2014-03-26",16155,"Spring",306.416666666667,4.92625,0,0,6.08333333333333,15.5,1010.08333333333,"cv"
"451","2014-03-27",16156,"Spring",270.75,6.05,0,0,4.54166666666667,13.4166666666667,1011.29166666667,"cv"
"452","2014-03-28",16157,"Spring",148.25,6.92416666666667,0,0.416666666666667,6.08333333333333,15.9166666666667,1007.79166666667,"cv"
"453","2014-03-29",16158,"Spring",45.5,5.29,0,0,0.958333333333333,16.3333333333333,1012.66666666667,"cv"
"454","2014-03-30",16159,"Spring",34.1666666666667,7.73041666666667,0,0,-4.875,18.0416666666667,1015,"cv"
"455","2014-03-31",16160,"Spring",151.333333333333,17.2829166666667,0,0.0416666666666667,2.91666666666667,17.1666666666667,1015.16666666667,"NE"
"456","2014-04-01",16161,"Spring",132.958333333333,6.14291666666667,0,0,2.04166666666667,15.9583333333333,1012.125,"cv"
"457","2014-04-02",16162,"Spring",106.75,14.4145833333333,0,0,1.08333333333333,16.2916666666667,1014.5,"NE"
"458","2014-04-03",16163,"Spring",24.375,18.2875,0,0,-17.4166666666667,14.0416666666667,1023.20833333333,"cv"
"459","2014-04-04",16164,"Spring",32.5416666666667,10.80125,0,0,-10.125,13.875,1014.875,"NE"
"460","2014-04-05",16165,"Spring",25.5416666666667,8.28791666666667,0,0,-11.0416666666667,13.2916666666667,1021.91666666667,"cv"
"461","2014-04-06",16166,"Spring",57.9166666666667,18.4708333333333,0,0,-8.45833333333333,15.625,1017.375,"NE"
"462","2014-04-07",16167,"Spring",95.2916666666667,4.27958333333333,0,0,-1.25,16.4583333333333,1013.08333333333,"NE"
"463","2014-04-08",16168,"Spring",169.291666666667,11.8258333333333,0,0,2.625,17.4166666666667,1013.16666666667,"NE"
"464","2014-04-09",16169,"Spring",145.375,20.8604166666667,0,0,0.208333333333333,21.2083333333333,1010.75,"NE"
"465","2014-04-10",16170,"Spring",91.1739130434783,12.2234782608696,0,0.0434782608695652,-2.1304347826087,15.5217391304348,1021.60869565217,"NE"
"466","2014-04-11",16171,"Spring",60.2916666666667,7.9025,0,0.208333333333333,-3.33333333333333,14.4583333333333,1018.95833333333,"NE"
"467","2014-04-12",16172,"Spring",117.875,6.62916666666667,0,0,-2.375,14.75,1015.91666666667,"NE"
"468","2014-04-13",16173,"Spring",157.666666666667,14.8941666666667,0,0,3.33333333333333,16.25,1016.875,"NE"
"469","2014-04-14",16174,"Spring",247.181818181818,11.0713636363636,0,0,8.13636363636364,17.8181818181818,1016.18181818182,"NE"
"470","2014-04-15",16175,"Spring",67.375,24.7695833333333,0,0,2.95833333333333,18.125,1018.5,"NE"
"471","2014-04-16",16176,"Spring",65.0833333333333,2.58541666666667,0,0,-3.375,16.625,1014,"cv"
"472","2014-04-17",16177,"Spring",117.708333333333,5.59,0,1.16666666666667,6.45833333333333,14.375,1012.58333333333,"NE"
"473","2014-04-18",16178,"Spring",145.583333333333,16.055,0,0,9.58333333333333,16,1019.125,"NE"
"474","2014-04-19",16179,"Spring",63.5,18.6629166666667,0,0.541666666666667,3.5,12.625,1020.75,"NE"
"475","2014-04-20",16180,"Spring",69.0416666666667,10.15,0,0,2.54166666666667,14.7916666666667,1016.33333333333,"cv"
"476","2014-04-21",16181,"Spring",50.9166666666667,7.78625,0,0,0.291666666666667,17.625,1015.66666666667,"cv"
"477","2014-04-22",16182,"Spring",77.4166666666667,16.6170833333333,0,0,2.625,19.0833333333333,1013.16666666667,"cv"
"478","2014-04-23",16183,"Spring",120.833333333333,71.3791666666667,0,0.125,10.9583333333333,20.0416666666667,1010.20833333333,"NE"
"479","2014-04-24",16184,"Spring",111.291666666667,18.0133333333333,0,0,11.4583333333333,19.7916666666667,1014,"NE"
"480","2014-04-25",16185,"Spring",125.708333333333,9.945,0,0.166666666666667,9,19.4583333333333,1016.45833333333,"cv"
"481","2014-04-26",16186,"Spring",39.1666666666667,9.96541666666667,0,1.04166666666667,7.04166666666667,15.9166666666667,1020,"cv"
"482","2014-04-27",16187,"Spring",66.8333333333333,10.6908333333333,0,0,5.45833333333333,17.7083333333333,1020.16666666667,"cv"
"483","2014-04-28",16188,"Spring",67.75,5.99583333333333,0,0,4.95833333333333,18.625,1018.79166666667,"cv"
"484","2014-04-29",16189,"Spring",104.791666666667,10.9704166666667,0,0,5.625,19.7083333333333,1013.08333333333,"NE"
"485","2014-04-30",16190,"Spring",112.25,17.39375,0,0,9.58333333333333,21.125,1008.79166666667,"NE"
"486","2014-05-01",16191,"Spring",123.541666666667,39.225,0,0.0833333333333333,10.6666666666667,20.625,1007.83333333333,"NE"
"487","2014-05-02",16192,"Spring",38,133.650416666667,0,0,-2.16666666666667,17.0833333333333,1015.45833333333,"NW"
"488","2014-05-03",16193,"Spring",80.6666666666667,27.25125,0,0,-0.0833333333333333,16.0833333333333,1012.58333333333,"cv"
"489","2014-05-04",16194,"Spring",46.7916666666667,187.561666666667,0,0,-9.625,14.25,1017.375,"NW"
"490","2014-05-05",16195,"Spring",46.9583333333333,8.49416666666667,0,0,-5.875,13.875,1017.125,"cv"
"491","2014-05-06",16196,"Spring",98.7916666666667,3.66875,0,0.0416666666666667,3.66666666666667,15.75,1008.45833333333,"NE"
"492","2014-05-07",16197,"Spring",91.0833333333333,18.1958333333333,0,0,1.58333333333333,18.9166666666667,1006.125,"NW"
"493","2014-05-08",16198,"Spring",87.75,15.97375,0,0,7.375,17.4166666666667,1014,"NE"
"494","2014-05-09",16199,"Spring",68.8333333333333,29.6904166666667,0,0,5.54166666666667,17.6666666666667,1014.66666666667,"NE"
"495","2014-05-10",16200,"Spring",54.9166666666667,8.29,0,0.125,5.75,17.2083333333333,1015.91666666667,"NE"
"496","2014-05-11",16201,"Spring",30.75,14.9970833333333,0,8.04166666666667,9.625,12.0416666666667,1006.70833333333,"cv"
"497","2014-05-12",16202,"Spring",47.25,20.8991666666667,0,0,8.95833333333333,20.875,1000.29166666667,"cv"
"498","2014-05-13",16203,"Spring",59.0833333333333,26.4866666666667,0,0,5.70833333333333,22.5,999.916666666667,"NW"
"499","2014-05-14",16204,"Spring",22.9583333333333,107.524583333333,0,0,-1.375,19.375,1005.04166666667,"NW"
"500","2014-05-15",16205,"Spring",78.6666666666667,13.705,0,0,3.75,20.375,1000.16666666667,"cv"
"501","2014-05-16",16206,"Spring",80.2916666666667,7.57916666666667,0,0,4.29166666666667,23.25,1006.58333333333,"NE"
"502","2014-05-17",16207,"Spring",69.375,17.2783333333333,0,0.0416666666666667,6.04166666666667,22.0833333333333,1012.29166666667,"NE"
"503","2014-05-18",16208,"Spring",100.166666666667,21.3975,0,0.0416666666666667,9.625,23.5,1008.33333333333,"NE"
"504","2014-05-19",16209,"Spring",109.791666666667,10.31875,0,0.416666666666667,15.5,22.4583333333333,1004.54166666667,"cv"
"505","2014-05-20",16210,"Spring",88.9545454545455,11.0536363636364,0,0,11,24.5454545454545,1003.86363636364,"NE"
"506","2014-05-21",16211,"Spring",100.333333333333,10.095,0,0,13.625,24.0833333333333,1005.29166666667,"cv"
"507","2014-05-22",16212,"Spring",139.5,25.4245833333333,0,0,13.7083333333333,27,1006.08333333333,"NE"
"508","2014-05-23",16213,"Spring",79.625,32.1295833333333,0,0,13.0833333333333,27.9583333333333,1009.625,"NE"
"509","2014-05-24",16214,"Spring",90,13.6779166666667,0,0.958333333333333,17.4583333333333,20.8333333333333,1007.875,"NE"
"510","2014-05-25",16215,"Spring",74.75,31.5775,0,0,7.95833333333333,22.875,1006.375,"NW"
"511","2014-05-26",16216,"Spring",19.9583333333333,12.6241666666667,0,0,3.875,26.375,999.25,"NE"
"512","2014-05-27",16217,"Spring",30.5,47.1933333333333,0,0,4.79166666666667,26.625,995.875,"NW"
"513","2014-05-28",16218,"Spring",30.0833333333333,20.9158333333333,0,0,7.16666666666667,28.1666666666667,1000.29166666667,"NE"
"514","2014-05-29",16219,"Spring",45.375,6.29083333333333,0,0,10.4583333333333,30.2083333333333,997.75,"cv"
"515","2014-05-30",16220,"Spring",91.25,21.0629166666667,0,0,13,28.6666666666667,1005.54166666667,"NE"
"516","2014-05-31",16221,"Spring",115.291666666667,10.3908333333333,0,0.125,15.25,27,1007.16666666667,"NE"
"517","2014-06-01",16222,"Summer",51.875,11.0479166666667,0,0.25,16.5833333333333,23.9583333333333,1008.33333333333,"cv"
"518","2014-06-02",16223,"Summer",33.3333333333333,3.48375,0,0,12.625,22.4583333333333,1011.29166666667,"cv"
"519","2014-06-03",16224,"Summer",41.875,16.70625,0,0,12.8333333333333,25.5416666666667,1007.625,"cv"
"520","2014-06-04",16225,"Summer",62.9583333333333,10.03625,0,0,14.5833333333333,25.7083333333333,1006,"NE"
"521","2014-06-05",16226,"Summer",67.8695652173913,5.42130434782609,0,0,15.2173913043478,28,1004.13043478261,"NE"
"522","2014-06-06",16227,"Summer",55.3478260869565,10.0095652173913,0,1.21739130434783,16.6086956521739,21.0869565217391,1004.5652173913,"cv"
"523","2014-06-07",16228,"Summer",12.5217391304348,17.4365217391304,0,0,10.8695652173913,22.8695652173913,1003.82608695652,"cv"
"524","2014-06-08",16229,"Summer",36.2173913043478,3.22565217391304,0,0.0434782608695652,13.695652173913,21.0869565217391,1002.04347826087,"cv"
"525","2014-06-09",16230,"Summer",28.7857142857143,5.49071428571429,0,0.0714285714285714,11.8571428571429,24.8571428571429,1004.78571428571,"cv"
"526","2014-06-10",16231,"Summer",75.9166666666667,4.05875,0,0.0833333333333333,15.7083333333333,21.1666666666667,1008.625,"NE"
"527","2014-06-11",16232,"Summer",46.8333333333333,5.02958333333333,0,0,13.8333333333333,24.3333333333333,1009.625,"cv"
"528","2014-06-12",16233,"Summer",30.3333333333333,4.21041666666667,0,0,14.125,27.75,1006,"cv"
"529","2014-06-13",16234,"Summer",60.8333333333333,3.44416666666667,0,0.208333333333333,17.2083333333333,24.875,1007.29166666667,"cv"
"530","2014-06-14",16235,"Summer",43.7083333333333,7.26458333333333,0,0,17.5,25.3333333333333,1006.29166666667,"cv"
"531","2014-06-15",16236,"Summer",115.166666666667,7.06041666666667,0,0.208333333333333,18.3333333333333,26.5416666666667,1004.20833333333,"NE"
"532","2014-06-16",16237,"Summer",137,4.72833333333333,0,0.0416666666666667,19.8333333333333,25.0833333333333,1002.04166666667,"NE"
"533","2014-06-17",16238,"Summer",80.0833333333333,6.8925,0,0.5,18.375,21.8333333333333,1002.33333333333,"NE"
"534","2014-06-18",16239,"Summer",68.1428571428571,7.76857142857143,0,0,17.3809523809524,23.6666666666667,1002.90476190476,"cv"
"535","2014-06-19",16240,"Summer",126.541666666667,17.1266666666667,0,0.0416666666666667,18.6666666666667,23.75,1004.41666666667,"NE"
"536","2014-06-20",16241,"Summer",46.0416666666667,7.17375,0,1.5,17.5416666666667,22.9583333333333,1007,"cv"
"537","2014-06-21",16242,"Summer",56.9583333333333,8.49458333333333,0,0.416666666666667,16.9583333333333,22.6666666666667,1008.45833333333,"NE"
"538","2014-06-22",16243,"Summer",32.9583333333333,4.11416666666667,0,0,16.9583333333333,22.5833333333333,1008.70833333333,"cv"
"539","2014-06-23",16244,"Summer",22.75,12.2741666666667,0,0,15.0833333333333,25.1666666666667,1007.66666666667,"cv"
"540","2014-06-24",16245,"Summer",53.7083333333333,13.5341666666667,0,0,16.9166666666667,26.25,1004.20833333333,"NE"
"541","2014-06-25",16246,"Summer",92.7083333333333,28.33625,0,0,18.7083333333333,24.75,1003.08333333333,"NE"
"542","2014-06-26",16247,"Summer",120.875,12.5179166666667,0,0,20.4166666666667,26.9166666666667,1002.83333333333,"NE"
"543","2014-06-27",16248,"Summer",18.625,8.7375,0,0,13.125,28.4583333333333,1006.08333333333,"cv"
"544","2014-06-28",16249,"Summer",20.1666666666667,17.9904166666667,0,0,13.1666666666667,29.3333333333333,1005.25,"NW"
"545","2014-06-29",16250,"Summer",48.0833333333333,11.3604166666667,0,0,15.9583333333333,28.6666666666667,1005.70833333333,"NE"
"546","2014-06-30",16251,"Summer",70.0833333333333,12.6983333333333,0,0,16.7916666666667,29.4583333333333,1005.5,"cv"
"547","2014-07-01",16252,"Summer",102.916666666667,27.2095833333333,0,0.25,18.9166666666667,27.8333333333333,1004.33333333333,"NE"
"548","2014-07-02",16253,"Summer",66.0416666666667,2.64208333333333,0,0.791666666666667,20.6666666666667,23.0833333333333,1003.08333333333,"cv"
"549","2014-07-03",16254,"Summer",209.791666666667,6.40958333333333,0,0,21.9583333333333,25.7916666666667,1001,"NE"
"550","2014-07-04",16255,"Summer",204.5,8.00291666666667,0,0,22.5833333333333,27.5833333333333,1004.33333333333,"cv"
"551","2014-07-05",16256,"Summer",120.708333333333,8.17666666666667,0,0,21.8333333333333,26.9166666666667,1006.58333333333,"NE"
"552","2014-07-06",16257,"Summer",193.083333333333,50.1320833333333,0,0,22.9583333333333,27.2083333333333,1004.91666666667,"SE"
"553","2014-07-07",16258,"Summer",147.5,33.7641666666667,0,0,22.0833333333333,27.5833333333333,1002.75,"NE"
"554","2014-07-08",16259,"Summer",87.25,2.79166666666667,0,0,18.75,28.1666666666667,1001.91666666667,"cv"
"555","2014-07-09",16260,"Summer",25.5,6.65125,0,0,15.4583333333333,27.25,1003.91666666667,"cv"
"556","2014-07-10",16261,"Summer",30.7916666666667,14.7358333333333,0,0,15.0416666666667,29.9583333333333,999.666666666667,"cv"
"557","2014-07-11",16262,"Summer",30.9166666666667,5.43625,0,0,15.4166666666667,29.2083333333333,999.583333333333,"cv"
"558","2014-07-12",16263,"Summer",15.0526315789474,15.8994736842105,0,0,12.4736842105263,28.1578947368421,1002.57894736842,"NE"
"559","2014-07-13",16264,"Summer",21.5833333333333,4.78666666666667,0,0.125,14.25,28.0416666666667,1002.08333333333,"cv"
"560","2014-07-14",16265,"Summer",30.75,7.11375,0,0,15.8333333333333,28.7916666666667,1002.04166666667,"cv"
"561","2014-07-15",16266,"Summer",49.4583333333333,23.09875,0,0.125,17.2083333333333,28.2083333333333,1003.45833333333,"NE"
"562","2014-07-16",16267,"Summer",111.5,5.8475,0,0.375,21,25.8333333333333,1003.54166666667,"NE"
"563","2014-07-17",16268,"Summer",140.291666666667,4.26375,0,0,21.25,25.7083333333333,1005.66666666667,"cv"
"564","2014-07-18",16269,"Summer",121.291666666667,5.82875,0,0,22.5,29.0833333333333,1006.70833333333,"NE"
"565","2014-07-19",16270,"Summer",63.1666666666667,12.1941666666667,0,0,23.25,31.7083333333333,1007.875,"NE"
"566","2014-07-20",16271,"Summer",59.9166666666667,29.0020833333333,0,0.125,23.1666666666667,31.7083333333333,1004.75,"NE"
"567","2014-07-21",16272,"Summer",26.9583333333333,28.1245833333333,0,0.0416666666666667,19.5833333333333,30.8333333333333,1001.79166666667,"cv"
"568","2014-07-22",16273,"Summer",14.3181818181818,11.0127272727273,0,0.0454545454545455,16.2272727272727,27.9545454545455,1006,"NW"
"569","2014-07-23",16274,"Summer",23.5,7.74791666666667,0,0,16.3333333333333,28,1003.75,"NW"
"570","2014-07-24",16275,"Summer",66.2083333333333,3.07291666666667,0,0.291666666666667,20,25.9166666666667,1005.20833333333,"cv"
"571","2014-07-25",16276,"Summer",75.8333333333333,12.9266666666667,0,0,17.3333333333333,27.3333333333333,1005.66666666667,"cv"
"572","2014-07-26",16277,"Summer",93.5,14.99,0,0,17.8333333333333,29.0416666666667,1007.83333333333,"NE"
"573","2014-07-27",16278,"Summer",96.2083333333333,27.9408333333333,0,0,17.5833333333333,29.4583333333333,1007.91666666667,"NE"
"574","2014-07-28",16279,"Summer",102.416666666667,41.33375,0,0,19.625,29.9166666666667,1003.875,"NE"
"575","2014-07-29",16280,"Summer",107.75,106.812916666667,0,0.166666666666667,20.5416666666667,29.6666666666667,1002.91666666667,"SE"
"576","2014-07-30",16281,"Summer",132.791666666667,22.8020833333333,0,1.20833333333333,21.75,25.0833333333333,1005.25,"NE"
"577","2014-07-31",16282,"Summer",179.875,17.4041666666667,0,0,22.3333333333333,27.125,1006.83333333333,"NE"
"578","2014-08-01",16283,"Summer",132.666666666667,10.69625,0,0,22.5833333333333,27.9166666666667,1006.16666666667,"NE"
"579","2014-08-02",16284,"Summer",94.125,4.22458333333333,0,0,23.875,29.2083333333333,1003.125,"NE"
"580","2014-08-03",16285,"Summer",105.583333333333,2.73541666666667,0,0,23.9166666666667,29.1666666666667,1000.875,"cv"
"581","2014-08-04",16286,"Summer",34.8333333333333,7.73041666666667,0,0.791666666666667,20.3333333333333,24,1004.08333333333,"cv"
"582","2014-08-05",16287,"Summer",21.7083333333333,8.94375,0,0,18.0833333333333,25.1666666666667,1006.45833333333,"cv"
"583","2014-08-06",16288,"Summer",32.875,9.48208333333333,0,0,16.6666666666667,27.7916666666667,1007.08333333333,"cv"
"584","2014-08-07",16289,"Summer",64.7916666666667,10.3345833333333,0,0,16.75,26.7916666666667,1008.875,"cv"
"585","2014-08-08",16290,"Summer",58.0416666666667,16.8220833333333,0,0,16.7916666666667,26.5416666666667,1008.41666666667,"NE"
"586","2014-08-09",16291,"Summer",80.2083333333333,17.8483333333333,0,0.125,17.875,25.9166666666667,1005.875,"NE"
"587","2014-08-10",16292,"Summer",33.5,5.08541666666667,0,0,18.0416666666667,26.2083333333333,1002.875,"cv"
"588","2014-08-11",16293,"Summer",23.9166666666667,8.04791666666667,0,0,14.6666666666667,28.0416666666667,1004.08333333333,"NW"
"589","2014-08-12",16294,"Summer",27.2083333333333,3.78208333333333,0,0,13.5416666666667,27.0416666666667,1005.58333333333,"cv"
"590","2014-08-13",16295,"Summer",26.75,2.81166666666667,0,2.875,17.9583333333333,20.375,1008.16666666667,"cv"
"591","2014-08-14",16296,"Summer",28.2916666666667,8.82875,0,0,16.75,23.5416666666667,1007.5,"cv"
"592","2014-08-15",16297,"Summer",42.4583333333333,3.03458333333333,0,0,17.0833333333333,24.375,1006.375,"cv"
"593","2014-08-16",16298,"Summer",60.5,4.15208333333333,0,0,18.1666666666667,26.375,1007.5,"cv"
"594","2014-08-17",16299,"Summer",51.375,8.94375,0,0,17.8333333333333,25.9166666666667,1009.75,"NE"
"595","2014-08-18",16300,"Summer",57.3181818181818,11.7240909090909,0,0,17.8636363636364,25.0909090909091,1011.72727272727,"NE"
"596","2014-08-19",16301,"Summer",77.25,14.9883333333333,0,0,18.25,26.7083333333333,1011,"NE"
"597","2014-08-20",16302,"Summer",90.75,23.494375,0,0,18.9375,26.375,1009.3125,"NE"
"598","2014-08-21",16303,"Summer",121.695652173913,8.41565217391304,0,0.0869565217391304,19.8695652173913,27.1304347826087,1006.86956521739,"NE"
"599","2014-08-22",16304,"Summer",54.3333333333333,2.53166666666667,0,0,19.0833333333333,24.6666666666667,1007.375,"cv"
"600","2014-08-23",16305,"Summer",121.458333333333,4.57875,0,0.0416666666666667,20.5,27,1005.04166666667,"cv"
"601","2014-08-24",16306,"Summer",19.8333333333333,6.81666666666667,0,0.125,16.2083333333333,26.25,1006.83333333333,"cv"
"602","2014-08-25",16307,"Summer",15.75,6.46416666666667,0,0,12.5,26.0416666666667,1010.79166666667,"cv"
"603","2014-08-26",16308,"Summer",22.0416666666667,6.91166666666667,0,0,10.1666666666667,26.6666666666667,1012.70833333333,"cv"
"604","2014-08-27",16309,"Summer",55.2083333333333,5.56916666666667,0,0,13.8333333333333,26.0416666666667,1012.95833333333,"cv"
"605","2014-08-28",16310,"Summer",84.1666666666667,3.50041666666667,0,0.916666666666667,17.375,24.125,1014.08333333333,"cv"
"606","2014-08-29",16311,"Summer",85,1.9725,0,0.125,18.6666666666667,22.625,1015.33333333333,"cv"
"607","2014-08-30",16312,"Summer",149.5,2.08416666666667,0,0.125,20.5,22.875,1014.625,"cv"
"608","2014-08-31",16313,"Summer",89.3333333333333,3.035,0,0.333333333333333,20.2083333333333,22.5,1012.95833333333,"cv"
"609","2014-09-01",16314,"Autumn",115.166666666667,3.67,0,0.75,20.3333333333333,22.0833333333333,1012.66666666667,"NE"
"610","2014-09-02",16315,"Autumn",26.625,2.42166666666667,0,2.16666666666667,18.75,20.3333333333333,1010.54166666667,"cv"
"611","2014-09-03",16316,"Autumn",12.625,8.56833333333333,0,0,13.9166666666667,23.0833333333333,1009.20833333333,"cv"
"612","2014-09-04",16317,"Autumn",41.875,7.67291666666667,0,0,15.4583333333333,24.3333333333333,1004.91666666667,"cv"
"613","2014-09-05",16318,"Autumn",92.4166666666667,14.8479166666667,0,0,18.125,23.8333333333333,1009.20833333333,"NE"
"614","2014-09-06",16319,"Autumn",134,9.91125,0,0,19.8333333333333,24.5416666666667,1010.83333333333,"NE"
"615","2014-09-07",16320,"Autumn",143.833333333333,16.6545833333333,0,0.166666666666667,19.5833333333333,24.9583333333333,1007.58333333333,"NE"
"616","2014-09-08",16321,"Autumn",12,7.115,0,0,9.125,23.0833333333333,1009.91666666667,"NW"
"617","2014-09-09",16322,"Autumn",39.3333333333333,6.79916666666667,0,0,13.125,21.9166666666667,1009.875,"cv"
"618","2014-09-10",16323,"Autumn",67.4583333333333,9.98208333333333,0,0,15.0833333333333,22.8333333333333,1013.58333333333,"NE"
"619","2014-09-11",16324,"Autumn",93.4583333333333,3.3125,0,0.208333333333333,16.8333333333333,21.9583333333333,1013.83333333333,"cv"
"620","2014-09-12",16325,"Autumn",70.9583333333333,4.69291666666667,0,0.25,17.5,21.4166666666667,1014.625,"cv"
"621","2014-09-13",16326,"Autumn",63.5833333333333,12.7766666666667,0,0.0416666666666667,15.6666666666667,22.2083333333333,1014.29166666667,"NE"
"622","2014-09-14",16327,"Autumn",45.9166666666667,5.36166666666667,0,0,11.3333333333333,19.9166666666667,1016.95833333333,"cv"
"623","2014-09-15",16328,"Autumn",18.5833333333333,9.04875,0,0,5.5,20.4583333333333,1018.16666666667,"NW"
"624","2014-09-16",16329,"Autumn",46.2272727272727,3.35227272727273,0,0,10.3181818181818,17.5,1018.22727272727,"cv"
"625","2014-09-17",16330,"Autumn",36.6666666666667,4.86166666666667,0,0,11.4583333333333,18.125,1020.20833333333,"NE"
"626","2014-09-18",16331,"Autumn",68.75,9.48333333333333,0,0,10.1666666666667,19.5416666666667,1019.25,"cv"
"627","2014-09-19",16332,"Autumn",95.7391304347826,6.18086956521739,0,0.0869565217391304,13.6521739130435,18.5217391304348,1012.4347826087,"NE"
"628","2014-09-20",16333,"Autumn",135.166666666667,2.17791666666667,0,0,16.4583333333333,21.0833333333333,1010.04166666667,"cv"
"629","2014-09-21",16334,"Autumn",96.125,10.5479166666667,0,0,15.0833333333333,21.2083333333333,1016.79166666667,"NE"
"630","2014-09-22",16335,"Autumn",106.875,5.515,0,0.333333333333333,17.0416666666667,20.1666666666667,1018.33333333333,"cv"
"631","2014-09-23",16336,"Autumn",67.2727272727273,6.055,0,10.7727272727273,17.0454545454545,18.0454545454545,1017.40909090909,"cv"
"632","2014-09-24",16337,"Autumn",30.9583333333333,4.91666666666667,0,0.833333333333333,15.5833333333333,20,1016.125,"cv"
"633","2014-09-25",16338,"Autumn",123.375,3.11125,0,0,16.375,18.4166666666667,1016.29166666667,"NE"
"634","2014-09-26",16339,"Autumn",137.833333333333,8.49583333333333,0,0.0416666666666667,16.4166666666667,18.9166666666667,1011.29166666667,"cv"
"635","2014-09-27",16340,"Autumn",37.3333333333333,3.42708333333333,0,0,11.1666666666667,18.4583333333333,1015.875,"cv"
"636","2014-09-28",16341,"Autumn",66.9583333333333,6.33125,0,0,13.9583333333333,18,1016.125,"NE"
"637","2014-09-29",16342,"Autumn",54.375,8.11958333333333,0,0,8.66666666666667,17.7916666666667,1018.95833333333,"cv"
"638","2014-09-30",16343,"Autumn",26.125,10.82625,0,0,2.29166666666667,12.4583333333333,1026.04166666667,"NE"
"639","2014-10-01",16344,"Autumn",82.5416666666667,4.67416666666667,0,2.75,8.625,11.7083333333333,1016.41666666667,"cv"
"640","2014-10-02",16345,"Autumn",65.7916666666667,6.52333333333333,0,0,11.3333333333333,14.875,1013.04166666667,"cv"
"641","2014-10-03",16346,"Autumn",127.958333333333,2.30666666666667,0,0.166666666666667,12.5416666666667,14.9583333333333,1017.375,"cv"
"642","2014-10-04",16347,"Autumn",86.6666666666667,9.855,0,1.875,13.4166666666667,14.625,1019.04166666667,"NE"
"643","2014-10-05",16348,"Autumn",35.5,9.98166666666667,0,0,7.04166666666667,15.125,1024.29166666667,"cv"
"644","2014-10-06",16349,"Autumn",33.8333333333333,6.555,0,0,4.16666666666667,13.3333333333333,1024.29166666667,"cv"
"645","2014-10-07",16350,"Autumn",143.833333333333,2.25083333333333,0,0,8.66666666666667,13.5,1019.75,"cv"
"646","2014-10-08",16351,"Autumn",305.208333333333,2.06416666666667,0,0.0416666666666667,12.0416666666667,14.8333333333333,1019.04166666667,"cv"
"647","2014-10-09",16352,"Autumn",376.291666666667,1.4125,0,0,13.4583333333333,15.9583333333333,1019.45833333333,"cv"
"648","2014-10-10",16353,"Autumn",325.375,2.96083333333333,0,0,14,16.7083333333333,1021.79166666667,"cv"
"649","2014-10-11",16354,"Autumn",197.583333333333,10.70875,0,0,12.5416666666667,16.9583333333333,1021.875,"cv"
"650","2014-10-12",16355,"Autumn",6.83333333333333,21.5895833333333,0,0.416666666666667,0.625,14.7916666666667,1030.375,"NW"
"651","2014-10-13",16356,"Autumn",14.4166666666667,17.3966666666667,0,0,-3.45833333333333,9.79166666666667,1027.125,"NW"
"652","2014-10-14",16357,"Autumn",48.5,7.80083333333333,0,0,1.04166666666667,12.2083333333333,1019.16666666667,"cv"
"653","2014-10-15",16358,"Autumn",53.25,31.5266666666667,0,0,-1.45833333333333,13.7916666666667,1015.375,"NW"
"654","2014-10-16",16359,"Autumn",40.75,17.53875,0,0,-1.33333333333333,12.25,1020.83333333333,"NE"
"655","2014-10-17",16360,"Autumn",112.333333333333,3.14541666666667,0,0,4.54166666666667,13.25,1016,"cv"
"656","2014-10-18",16361,"Autumn",203.458333333333,2.88458333333333,0,0,8.29166666666667,14.8333333333333,1016.375,"cv"
"657","2014-10-19",16362,"Autumn",284.166666666667,5.40041666666667,0,0,12.0416666666667,16.2916666666667,1014.33333333333,"NE"
"658","2014-10-20",16363,"Autumn",213.739130434783,6.45086956521739,0,0,12.3913043478261,14.7391304347826,1018.21739130435,"NE"
"659","2014-10-21",16364,"Autumn",45.25,16.3520833333333,0,0,0.625,11.9166666666667,1024.45833333333,"NE"
"660","2014-10-22",16365,"Autumn",92.125,3.99958333333333,0,0,4.83333333333333,10.0833333333333,1022.375,"cv"
"661","2014-10-23",16366,"Autumn",143.041666666667,1.78458333333333,0,0,7.875,12.5,1015.125,"cv"
"662","2014-10-24",16367,"Autumn",261.416666666667,4.71458333333333,0,0,9.83333333333333,12.1666666666667,1011.33333333333,"cv"
"663","2014-10-25",16368,"Autumn",366.375,4.155,0,0,11.4166666666667,13.4166666666667,1011.41666666667,"cv"
"664","2014-10-26",16369,"Autumn",87.5416666666667,26.7633333333333,0,0,-4.83333333333333,13.8333333333333,1023.875,"cv"
"665","2014-10-27",16370,"Autumn",31.3333333333333,15.0066666666667,0,0,-7.70833333333333,9.91666666666667,1031.58333333333,"NE"
"666","2014-10-28",16371,"Autumn",67.5416666666667,2.78958333333333,0,0,2.125,9.125,1027.125,"NE"
"667","2014-10-29",16372,"Autumn",130.5,2.99333333333333,0,0,5.33333333333333,10.7083333333333,1024,"cv"
"668","2014-10-30",16373,"Autumn",190.291666666667,1.655,0,0.125,7.20833333333333,12.2083333333333,1022.58333333333,"cv"
"669","2014-10-31",16374,"Autumn",186.833333333333,2.71708333333333,0,0.166666666666667,9.5,13.0833333333333,1020.45833333333,"cv"
"670","2014-11-01",16375,"Autumn",50.2916666666667,27.5458333333333,0,0,-0.625,11.6666666666667,1019.29166666667,"NW"
"671","2014-11-02",16376,"Autumn",7.66666666666667,160.823333333333,0,0,-10,10.8333333333333,1022.875,"NW"
"672","2014-11-03",16377,"Autumn",25.375,4.44833333333333,0,0,-4.125,9.58333333345833,1020.125,"cv"
"673","2014-11-04",16378,"Autumn",124.291666666667,3.03333333333333,0,0,0.5,6.95833333333333,1015.625,"cv"
"674","2014-11-05",16379,"Autumn",79.875,13.1495833333333,0,0,-3.70833333333333,11.125,1017.66666666667,"NW"
"675","2014-11-06",16380,"Autumn",13.8260869565217,20.2126086956522,0,0,-8.73913043478261,7.04347826086957,1029.47826086957,"cv"
"676","2014-11-07",16381,"Autumn",52.875,2.265,0,0,-4.08333333333333,4.66666666666667,1031.70833333333,"cv"
"677","2014-11-08",16382,"Autumn",78.3333333333333,5.01041666666667,0,0,-1.95833333333333,4.83333333333333,1027.79166666667,"cv"
"678","2014-11-09",16383,"Autumn",65,7.525,0,0,-3.875,6.08333333333333,1025.375,"NW"
"679","2014-11-10",16384,"Autumn",79.6666666666667,5.36625,0,0,-3.70833333333333,7.04166666666667,1021.5,"cv"
"680","2014-11-11",16385,"Autumn",49.3333333333333,54.9691666666667,0,0,-5.875,8.58333333333333,1018.58333333333,"NW"
"681","2014-11-12",16386,"Autumn",6.41666666666667,211.0475,0,0,-17.75,5.45833333333333,1025.33333333333,"NW"
"682","2014-11-13",16387,"Autumn",25.695652173913,10.1639130434783,0,0,-12.1304347826087,5.39130434782609,1025.08695652174,"cv"
"683","2014-11-14",16388,"Autumn",42.2083333333333,7.00666666666667,0,0,-10.2083333333333,4.70833333333333,1026.375,"cv"
"684","2014-11-15",16389,"Autumn",168.166666666667,2.99666666666667,0,0,-5.375,4.08333333333333,1027.66666666667,"NW"
"685","2014-11-16",16390,"Autumn",122.375,28.6629166666667,0,0,-4.875,6.16666666666667,1026.04166666667,"NW"
"686","2014-11-17",16391,"Autumn",23.8333333333333,30.63875,0,0,-8.91666666666667,6.29166666666667,1030.58333333333,"NW"
"687","2014-11-18",16392,"Autumn",85.1666666666667,5.84708333333333,0,0,-6.75,4.16666666666667,1029.04166666667,"NW"
"688","2014-11-19",16393,"Autumn",319.875,1.50666666666667,0,0,-2.04166666666667,2.625,1023,"cv"
"689","2014-11-20",16394,"Autumn",331.904761904762,2.74285714285714,0,0,-0.428571428571429,3.23809523809524,1017.2380952381,"cv"
"690","2014-11-21",16395,"Autumn",78.1333333333333,6.19933333333333,0,0,-8.86666666666667,9,1021.26666666667,"NW"
"691","2014-11-22",16396,"Autumn",44.3333333333333,12.1495833333333,0,0,-8.875,5.08333333333333,1026.75,"cv"
"692","2014-11-23",16397,"Autumn",128.041666666667,4.19166666666667,0,0,0.208333333333333,3.66666666666667,1025.5,"cv"
"693","2014-11-24",16398,"Autumn",96.125,8.53166666666667,0,0,-7.08333333333333,3.95833333333333,1026.83333333333,"cv"
"694","2014-11-25",16399,"Autumn",173.166666666667,4.05666666666667,0,0,-1.58333333333333,3.20833333333333,1020.66666666667,"cv"
"695","2014-11-26",16400,"Autumn",302.166666666667,2.30541666666667,0,0,-0.25,2.75,1016.41666666667,"cv"
"696","2014-11-27",16401,"Autumn",80.4166666666667,9.51791666666667,0,0,-12.6666666666667,5.5,1023.70833333333,"cv"
"697","2014-11-28",16402,"Autumn",95.375,13.6154166666667,0,0,-5.5,4.75,1020.79166666667,"cv"
"698","2014-11-29",16403,"Autumn",301.541666666667,3.61125,0,0.0416666666666667,0.0416666666666667,1.95833333333333,1020.66666666667,"cv"
"699","2014-11-30",16404,"Autumn",91.4166666666667,65.9070833333333,0,0,-12.9166666666667,3.5,1023.29166666667,"NW"
"700","2014-12-01",16405,"Winter",15.0416666666667,299.7625,0,0,-22.375,-3.54166666666667,1031.75,"NW"
"701","2014-12-02",16406,"Winter",51.7916666666667,38.07125,0,0,-19.5,-5,1027.83333333333,"cv"
"702","2014-12-03",16407,"Winter",25.375,53.0804166666667,0,0,-22.25,-2.79166666666667,1026.625,"NW"
"703","2014-12-04",16408,"Winter",9.20833333333333,60.9245833333333,0,0,-22.4166666666667,-2,1027.375,"NW"
"704","2014-12-05",16409,"Winter",38.7727272727273,13.9368181818182,0,0,-20.0909090909091,-3.31818181818182,1027.40909090909,"NW"
"705","2014-12-06",16410,"Winter",70.5416666666667,4.21083333333333,0,0,-16.5416666666667,-1.95833333333333,1026.29166666667,"cv"
"706","2014-12-07",16411,"Winter",55.25,26.03875,0,0,-12.875,0.916666666666667,1026.75,"NW"
"707","2014-12-08",16412,"Winter",49.2222222222222,9.28944444444445,0,0,-13.9444444444444,-2.05555555555556,1033.5,"NW"
"708","2014-12-09",16413,"Winter",348.538461538462,2.57769230769231,0,0,-7.61538461538461,-0.769230769230769,1031.69230769231,"cv"
"709","2014-12-10",16414,"Winter",142.958333333333,37.2441666666667,0.0416666666666667,0,-12.0416666666667,-0.25,1028,"NW"
"710","2014-12-11",16415,"Winter",24.7916666666667,63.7754166666667,0,0,-17.0416666666667,0.0416666666666667,1031.29166666667,"NW"
"711","2014-12-12",16416,"Winter",13.7083333333333,62.4270833333333,0,0,-18.7916666666667,-0.791666666666667,1027.95833333333,"NW"
"712","2014-12-13",16417,"Winter",46.5833333333333,3.2,0,0,-15.6666666666667,-2.91666666666667,1028.125,"cv"
"713","2014-12-14",16418,"Winter",100.75,4.24833333333333,0,0,-14.875,-1.625,1026.04166666667,"cv"
"714","2014-12-15",16419,"Winter",88.75,67.0691666666667,0,0,-16.5416666666667,-0.75,1028.25,"NW"
"715","2014-12-16",16420,"Winter",11.125,247.548333333333,0,0,-19.4583333333333,-3.29166666666667,1031.29166666667,"NW"
"716","2014-12-17",16421,"Winter",97.7083333333333,29.8708333333333,0,0,-16,-2.91666666666667,1028.70833333333,"cv"
"717","2014-12-18",16422,"Winter",169.25,4.7675,0,0,-10.0833333333333,-3.41666666666667,1028.29166666667,"cv"
"718","2014-12-19",16423,"Winter",77.6666666666667,72.0654166666667,0,0,-14.4166666666667,-0.291666666666667,1024.83333333333,"NW"
"719","2014-12-20",16424,"Winter",10.2666666666667,243.710666666667,0,0,-18.5333333333333,-2.73333333333333,1030.46666666667,"NW"
"720","2014-12-21",16425,"Winter",18.5,304.145,0,0,-18.5416666666667,-1.70833333333333,1027.54166666667,"NW"
"721","2014-12-22",16426,"Winter",95.25,4.31625,0,0,-13.375,-0.75,1023.33333333333,"cv"
"722","2014-12-23",16427,"Winter",101.875,10.9733333333333,0,0,-13.1666666666667,-0.166666666666667,1020.875,"NW"
"723","2014-12-24",16428,"Winter",14.125,26.39,0,0,-14.4166666666667,0.833333333333333,1031.5,"NW"
"724","2014-12-25",16429,"Winter",27,24.6416666666667,0,0,-13.125,0.5,1033.08333333333,"cv"
"725","2014-12-26",16430,"Winter",170.25,2.0425,0,0,-9.58333333333333,-2.79166666666667,1031.70833333333,"cv"
"726","2014-12-27",16431,"Winter",238.666666666667,9.27833333333333,0,0,-9.66666666666667,-1.79166666666667,1027.83333333333,"NW"
"727","2014-12-28",16432,"Winter",197.375,10.94875,0,0,-10.7916666666667,1.58333333333333,1019.95833333333,"NW"
"728","2014-12-29",16433,"Winter",159,8,0,0,-12.3333333333333,0.75,1013.75,"NW"
"729","2014-12-30",16434,"Winter",46.0833333333333,9.77833333333333,0,0,-13.9166666666667,1.875,1019.125,"cv"
"730","2014-12-31",16435,"Winter",10.0416666666667,167.458333333333,0,0,-21.7916666666667,-1.91666666666667,1032.125,"NW"
